d,k,m,settle,gas,real,fair,p25,p75,p10,p90,edge,lead,sig,pnl_sell,pnl_buy
2025-09-25,M+1,2025-10-01,48.0,0.7567,32.87985215053763,39.80471982597228,21.67570085981633,50.12659193501736,15.758093504645503,76.91768271333918,-8.195280174027722,6,,15.12014784946237,-15.12014784946237
2025-09-25,M+2,2025-11-01,47.0,2.3596,57.72361111111111,85.46379112527917,61.07070628643278,107.78093074717711,44.6308470819103,126.05754282349689,38.46379112527917,37,BUY,-10.723611111111111,10.723611111111111
2025-09-26,M+1,2025-10-01,52.5,0.7379,32.87985215053763,39.71186860214808,22.398233985893057,51.58514278282394,16.181228051491864,71.57787656433878,-12.78813139785192,5,SELL,19.62014784946237,-19.62014784946237
2025-09-26,M+2,2025-11-01,47.0,2.3866,57.72361111111111,85.59844254109468,64.25211167736289,107.50566037305039,43.09085220314202,133.4265576689371,38.598442541094684,36,BUY,-10.723611111111111,10.723611111111111
2025-09-29,M+1,2025-10-01,52.0,0.7459,32.87985215053763,39.75136195187886,22.31282334947553,49.501565949098755,15.226765368942006,76.4658535624213,-12.248638048121137,2,SELL,19.12014784946237,-19.12014784946237
2025-09-29,M+2,2025-11-01,47.25,2.3541,57.72361111111111,85.43638583436444,63.234190887718114,108.27228094721687,37.42316857499882,128.73855450759683,38.186385834364444,33,BUY,-10.473611111111111,10.473611111111111
2025-09-30,M+1,2025-10-01,52.0,0.62,32.87985215053763,39.13139712460051,21.74134481543892,48.18932433580575,16.569683097058498,71.51902561735821,-12.868602875399489,1,SELL,19.12014784946237,-19.12014784946237
2025-09-30,M+2,2025-11-01,47.25,2.3357,57.72361111111111,85.3447963022403,61.88328094541549,108.89498675309991,41.57331899196654,130.24760326635703,38.0947963022403,32,BUY,-10.473611111111111,10.473611111111111
2025-10-01,M+1,2025-11-01,48.0,2.4519,57.72361111111111,85.92495201413314,63.317217300922294,105.67361791840523,44.999051157348084,130.82468515076224,37.92495201413314,31,BUY,-9.723611111111111,9.723611111111111
2025-10-01,M+2,2025-12-01,62.75,2.9953,39.0045564516129,43.67442120105077,33.9049114257985,49.232932995143315,29.738710938582106,64.00940890720189,-19.07557879894923,61,SELL,23.7454435483871,-23.7454435483871
2025-10-02,M+1,2025-11-01,48.0,2.4521,57.72361111111111,85.92595404746648,60.4883935932228,107.69966961844038,39.93534016554682,126.05547215656064,37.925954047466476,30,BUY,-9.723611111111111,9.723611111111111
2025-10-02,M+2,2025-12-01,62.75,3.0323,39.0045564516129,43.9408514673306,33.01590054473755,48.711449870541394,29.99463057349368,66.18588740263357,-18.809148532669397,60,SELL,23.7454435483871,-23.7454435483871
2025-10-03,M+1,2025-11-01,48.0,2.251,57.72361111111111,84.92462608404233,56.75619516009671,109.34471257682985,43.472377481687175,131.18938083596382,36.92462608404233,29,BUY,-9.723611111111111,9.723611111111111
2025-10-03,M+2,2025-12-01,62.75,2.8623,39.0045564516129,42.726862463240614,32.64113122996626,47.88374067962167,28.92905289366974,62.62625958406859,-20.023137536759386,59,SELL,23.7454435483871,-23.7454435483871
2025-10-06,M+1,2025-11-01,48.0,2.2038,57.72361111111111,84.69127924728846,61.27538869687959,104.6778185512367,43.0911504218156,126.3935097751645,36.69127924728846,26,BUY,-9.723611111111111,9.723611111111111
2025-10-06,M+2,2025-12-01,62.75,2.8358,39.0045564516129,42.540373956942105,31.93148270002817,48.972296473968015,27.84416185273011,61.590410284768886,-20.209626043057895,56,SELL,23.7454435483871,-23.7454435483871
2025-10-07,M+1,2025-11-01,48.0,2.4237,57.72361111111111,85.78377125056706,62.643209825868176,106.60631163851892,44.06158377908044,128.99146659285165,37.78377125056706,25,BUY,-9.723611111111111,9.723611111111111
2025-10-07,M+2,2025-12-01,62.75,3.0045,39.0045564516129,43.74059617806022,33.881681647888264,50.617028676860656,30.144899974249526,60.96680721997169,-19.009403821939777,55,SELL,23.7454435483871,-23.7454435483871
2025-10-08,M+1,2025-11-01,48.0,2.403,57.72361111111111,85.6803154261722,62.02503770431622,106.5690206479305,42.07252111841583,132.44833538239706,37.6803154261722,24,BUY,-9.723611111111111,9.723611111111111
2025-10-08,M+2,2025-12-01,63.5,2.9577,39.0045564516129,43.404361553364396,33.156642400433235,50.790573675239884,29.468782743739613,65.07967119069917,-20.095638446635604,54,SELL,24.4954435483871,-24.4954435483871
2025-10-09,M+1,2025-11-01,48.15,2.4499,57.72361111111111,85.9149316807998,59.7343503801958,110.02326955164276,42.407407491539026,131.77033742814783,37.7649316807998,23,BUY,-9.573611111111113,9.573611111111113
2025-10-09,M+2,2025-12-01,63.5,2.9939,39.0045564516129,43.664353673344145,33.323880466825315,49.74550329541145,29.583806083948208,64.67894420123794,-19.835646326655855,53,SELL,24.4954435483871,-24.4954435483871
2025-10-10,M+1,2025-11-01,52.0,2.3442,57.72361111111111,85.38709105982174,61.86093969724112,106.31973813867478,44.15452435716451,129.10641451156476,33.38709105982174,22,BUY,-5.723611111111111,5.723611111111111
2025-10-10,M+2,2025-12-01,63.5,2.9187,39.0045564516129,43.12599596876982,33.1053443847051,48.62589780414583,29.817679614751377,60.386465399775794,-20.37400403123018,52,SELL,24.4954435483871,-24.4954435483871
2025-10-13,M+1,2025-11-01,52.5,2.4064,57.72361111111111,85.69729921391418,62.70079726496209,106.67674856779931,41.64250803013597,129.8854406719713,33.19729921391418,19,BUY,-5.223611111111111,5.223611111111111
2025-10-13,M+2,2025-12-01,63.75,2.9693,39.0045564516129,43.48757894592799,33.16268565851478,49.381703860774145,29.851570494960544,63.296390892257655,-20.262421054072007,49,SELL,24.7454435483871,-24.7454435483871
2025-10-14,M+1,2025-11-01,52.5,2.4116,57.72361111111111,85.72328443248271,61.93433379939252,108.4401395272651,42.14846798701846,125.09153876698797,33.223284432482714,18,BUY,-5.223611111111111,5.223611111111111
2025-10-14,M+2,2025-12-01,63.75,2.9619,39.0045564516129,43.43448259881936,33.25955445328117,48.250438013640604,30.005082273418736,65.817530538577,-20.315517401180642,48,SELL,24.7454435483871,-24.7454435483871
2025-10-15,M+1,2025-11-01,55.0,2.3657,57.72361111111111,85.49419278789776,61.523762527846955,107.29578747795007,40.26891088480517,132.40819042531226,30.49419278789776,17,BUY,-2.7236111111111114,2.7236111111111114
2025-10-15,M+2,2025-12-01,65.0,2.9393,39.0045564516129,43.272741833499374,33.12395076364386,48.53265336021423,29.199854735948954,67.5912923799345,-21.727258166500626,47,SELL,25.9954435483871,-25.9954435483871
2025-10-16,M+1,2025-11-01,55.5,2.335,57.72361111111111,85.34131438557363,63.05473340200876,105.95652754118633,39.39514517819313,132.85628562904114,29.841314385573625,16,BUY,-2.2236111111111114,2.2236111111111114
2025-10-16,M+2,2025-12-01,65.5,2.9067,39.0045564516129,43.04075883879018,32.399714648981394,50.314229169198924,29.33760927655167,63.52147802454652,-22.459241161209818,46,SELL,26.4954435483871,-26.4954435483871
2025-10-17,M+1,2025-11-01,56.25,2.3064,57.72361111111111,85.19920442951017,62.54994508460918,108.66623793416714,41.24330115892614,126.82392156282127,28.949204429510175,15,BUY,-1.4736111111111114,1.4736111111111114
2025-10-17,M+2,2025-12-01,66.25,2.9292,39.0045564516129,43.20072575442202,32.9768330524065,49.94336132838713,29.038747574733375,62.9009956253601,-23.049274245577983,45,SELL,27.2454435483871,-27.2454435483871
2025-10-20,M+1,2025-11-01,57.75,2.51,57.72361111111111,86.21645568642872,61.35667977550146,109.15034843292734,41.53120439578362,131.4803836928325,28.466455686428716,12,BUY,0.026388888888888573,-0.026388888888888573
2025-10-20,M+2,2025-12-01,66.25,3.0967,39.0045564516129,44.40621092107609,34.88768140529187,50.873833955906335,30.77023496967734,62.108378586252876,-21.843789078923912,42,SELL,27.2454435483871,-27.2454435483871
2025-10-21,M+1,2025-11-01,56.95,2.574,57.72361111111111,86.53897873855139,64.13041444458185,108.05490210013453,43.78486618978556,131.32310846777577,29.58897873855139,11,BUY,-0.7736111111111086,0.7736111111111086
2025-10-21,M+2,2025-12-01,66.25,3.1894,39.0045564516129,45.07963116177009,34.752668975905,51.11919787181874,31.66152886390689,64.10603321738128,-21.170368838229912,41,SELL,27.2454435483871,-27.2454435483871
2025-10-22,M+1,2025-11-01,52.5,2.593,57.72361111111111,86.63498717814701,63.99770686889229,105.6463770010044,43.03674725467928,129.4385879899815,34.134987178147014,10,BUY,-5.223611111111111,5.223611111111111
2025-10-22,M+2,2025-12-01,64.0,3.1989,39.0045564516129,45.14881770741194,35.780048324187845,51.2052183980897,32.545175169724985,64.89971949626019,-18.851182292588057,40,SELL,24.9954435483871,-24.9954435483871
2025-10-23,M+1,2025-11-01,51.0,2.5351,57.72361111111111,86.3427525718276,63.13465029593278,106.84986914826696,45.169908892116,128.29302214584618,35.3427525718276,9,BUY,-6.723611111111111,6.723611111111111
2025-10-23,M+2,2025-12-01,63.5,3.1785,39.0045564516129,45.00027318457262,34.31726302372049,52.1973854430651,31.55781013515289,69.67023931979105,-18.49972681542738,39,SELL,24.4954435483871,-24.4954435483871
2025-10-24,M+1,2025-11-01,50.25,2.4968,57.72361111111111,86.15013466196993,64.78416862205711,110.16069934492037,46.19649683085997,130.35237785638662,35.90013466196993,8,BUY,-7.473611111111111,7.473611111111111
2025-10-24,M+2,2025-12-01,63.5,3.135,39.0045564516129,44.68396947304985,34.46379980327104,49.753758360253514,31.083271122147504,67.63834526469523,-18.81603052695015,38,SELL,24.4954435483871,-24.4954435483871
2025-10-27,M+1,2025-11-01,49.5,2.515,57.72361111111111,86.24159739913026,63.72672029376616,112.82308601323172,46.216968072447195,126.57479803399013,36.74159739913026,5,BUY,-8.223611111111111,8.223611111111111
2025-10-27,M+2,2025-12-01,63.0,3.1788,39.0045564516129,45.002456620056485,36.040536278594686,49.5877566859448,32.517427235258694,65.29018606310181,-17.997543379943515,35,SELL,23.9954435483871,-23.9954435483871
2025-10-28,M+1,2025-11-01,50.0,2.5013,57.72361111111111,86.17273242348175,62.896903439321285,109.44534988233914,40.17915104601107,132.6097739811273,36.17273242348175,4,BUY,-7.723611111111111,7.723611111111111
2025-10-28,M+2,2025-12-01,63.0,3.1659,39.0045564516129,44.908593727928725,34.44924410694625,51.270621141209624,30.538061454829474,66.0171672548905,-18.091406272071275,34,SELL,23.9954435483871,-23.9954435483871
2025-10-29,M+1,2025-11-01,50.0,2.44,57.72361111111111,85.86534608947017,62.731803263726974,108.65842259322464,45.155916866563885,128.3600229625234,35.865346089470165,3,BUY,-7.723611111111111,7.723611111111111
2025-10-29,M+2,2025-12-01,63.0,3.124,39.0045564516129,44.60412728371967,33.78770578486902,50.83996198100443,30.536472637276674,64.2384543149309,-18.39587271628033,33,SELL,23.9954435483871,-23.9954435483871
2025-10-30,M+1,2025-11-01,50.5,2.49,57.72361111111111,86.11600502031966,63.53865567702546,108.37512307330302,42.36386599065886,130.11692184015334,35.61600502031966,2,BUY,-7.223611111111111,7.223611111111111
2025-10-30,M+2,2025-12-01,63.5,3.2501,39.0045564516129,45.52233096331492,35.845470571417856,51.47674757425419,32.24749882552902,65.58078396506517,-17.97766903668508,32,SELL,24.4954435483871,-24.4954435483871
2025-10-31,M+1,2025-11-01,50.5,2.5818,57.72361111111111,86.57837676592928,63.207936721277456,108.28415145160079,39.871786615890116,126.75819834380097,36.07837676592928,1,BUY,-7.223611111111111,7.223611111111111
2025-10-31,M+2,2025-12-01,64.5,3.3236,39.0045564516129,46.06064908864937,35.323256611183574,52.755708782463245,30.853182701439135,65.66085527294227,-18.43935091135063,31,SELL,25.4954435483871,-25.4954435483871
2025-11-03,M+1,2025-12-01,65.0,3.3439,39.0045564516129,46.20982375426225,36.26971082360632,53.07357836181323,32.11718910799014,63.85646940412651,-18.790176245737747,28,SELL,25.9954435483871,-25.9954435483871
2025-11-03,M+2,2026-01-01,66.5,3.4624,39.44372311827957,44.31432268826573,36.90363352747853,48.6947878021095,34.23311537569335,59.14401130430605,-22.185677311734267,59,SELL,27.05627688172043,-27.05627688172043
2025-11-04,M+1,2025-12-01,65.75,3.3406,39.0045564516129,46.18556644781063,37.073182688700214,51.63262064508559,33.442389394177304,66.0845478549494,-19.56443355218937,27,SELL,26.7454435483871,-26.7454435483871
2025-11-04,M+2,2026-01-01,66.8,3.4603,39.44372311827957,44.297922930201224,37.15363389945003,48.21726773796161,34.372130851341495,58.09409013072728,-22.502077069798773,58,SELL,27.356276881720426,-27.356276881720426
2025-11-05,M+1,2025-12-01,65.75,3.188,39.0045564516129,45.06943671553353,34.02505330326719,51.90046769502129,31.09851456782921,67.48645442716314,-20.680563284466473,26,SELL,26.7454435483871,-26.7454435483871
2025-11-05,M+2,2026-01-01,67.0,3.2894,39.44372311827957,42.96817306853415,34.3945487742985,47.57733094840241,32.41453157477548,57.68699607590225,-24.03182693146585,57,SELL,27.55627688172043,-27.55627688172043
2025-11-06,M+1,2025-12-01,65.25,3.0973,39.0045564516129,44.4105573243019,33.35790861221544,51.60195986633693,29.808770286768883,67.96493832626982,-20.839442675698102,25,SELL,26.2454435483871,-26.2454435483871
2025-11-06,M+2,2026-01-01,67.0,3.2012,39.44372311827957,42.28653347004474,35.498001696099614,46.79599668998942,31.99354124047188,57.17364335085735,-24.713466529955262,56,SELL,27.55627688172043,-27.55627688172043
2025-11-07,M+1,2025-12-01,65.5,3.1377,39.0045564516129,44.703577200639494,35.14977346842943,50.757974438359085,31.038987779661092,62.08879301252677,-20.796422799360506,24,SELL,26.4954435483871,-26.4954435483871
2025-11-07,M+2,2026-01-01,67.0,3.2337,39.44372311827957,42.537343612497075,34.6198699678373,46.98996885331262,31.981724969607424,60.0525304677799,-24.462656387502925,55,SELL,27.55627688172043,-27.55627688172043
2025-11-10,M+1,2025-12-01,65.75,3.23,39.0045564516129,45.37553157249402,34.70267728861418,49.58945939268477,31.524377892424333,68.77629288200971,-20.37446842750598,21,SELL,26.7454435483871,-26.7454435483871
2025-11-10,M+2,2026-01-01,67.5,3.3406,39.44372311827957,43.365478390991434,35.49873783851679,47.58046792758461,33.27909391467426,57.56419618559245,-24.134521609008566,52,SELL,28.05627688172043,-28.05627688172043
2025-11-11,M+1,2025-12-01,73.0,3.3467,39.0045564516129,46.23040863125467,35.06069815036979,52.360598061930915,32.562186427105004,68.13859297844576,-26.76959136874533,20,SELL,33.9954435483871,-33.9954435483871
2025-11-11,M+2,2026-01-01,67.75,3.4501,39.44372311827957,44.21828558990683,36.71008834871015,47.8935649908285,33.765222600691835,58.67422030581384,-23.531714410093173,51,SELL,28.30627688172043,-28.30627688172043
2025-11-12,M+1,2025-12-01,73.25,3.3651,39.0045564516129,46.365794339499864,35.53976419240619,53.56873901453194,32.08938497005225,66.58318305118735,-26.884205660500136,19,SELL,34.2454435483871,-34.2454435483871
2025-11-12,M+2,2026-01-01,67.75,3.4528,39.44372311827957,44.239360102755434,36.72302407680945,48.0329452982715,34.56296142188045,59.707250222312936,-23.510639897244566,50,SELL,28.30627688172043,-28.30627688172043
2025-11-13,M+1,2025-12-01,77.5,3.3497,39.0045564516129,46.25246973338753,35.709932213209704,51.77358633275154,32.52547715673261,67.7387560284251,-31.247530266612472,18,SELL,38.4954435483871,-38.4954435483871
2025-11-13,M+2,2026-01-01,70.5,3.4529,39.44372311827957,44.240140753293076,37.323746900812026,48.97141941845536,33.760206816944944,58.24217313659368,-26.259859246706924,49,SELL,31.05627688172043,-31.05627688172043
2025-11-14,M+1,2025-12-01,77.25,3.1032,39.0045564516129,44.453303536680075,34.13797689639438,52.03416529536479,30.354597532012153,62.98356162751879,-32.796696463319925,17,SELL,38.2454435483871,-38.2454435483871
2025-11-14,M+2,2026-01-01,70.25,3.2386,39.44372311827957,42.575186069231506,35.07395181047247,47.03911917449978,33.141546260742416,53.935182488162255,-27.674813930768494,48,SELL,30.80627688172043,-30.80627688172043
2025-11-17,M+1,2025-12-01,77.25,3.0306,39.0045564516129,43.9285947701856,34.02665077044755,50.227602190166664,30.69441224498529,60.25419826384445,-33.3214052298144,14,SELL,38.2454435483871,-38.2454435483871
2025-11-17,M+2,2026-01-01,70.25,3.1721,39.44372311827957,42.06218487305698,34.05744799272147,47.225838635507124,31.506152115176768,58.50680138228167,-28.187815126943022,45,SELL,30.80627688172043,-30.80627688172043
2025-11-18,M+1,2025-12-01,69.0,3.0812,39.0045564516129,44.29400099279444,33.82340396589939,49.6391270140989,30.51198006222781,66.44155489939222,-24.705999007205563,13,SELL,29.9954435483871,-29.9954435483871
2025-11-18,M+2,2026-01-01,64.25,3.2041,39.44372311827957,42.30890371005682,34.4877705251609,47.09414337294453,32.174975003080384,56.89259170915818,-21.941096289943182,44,SELL,24.80627688172043,-24.80627688172043
2025-11-19,M+1,2025-12-01,69.0,3.1209,39.0045564516129,44.58163711705299,34.47984498194491,51.41891714549462,31.58155199521393,63.95324626020171,-24.418362882947008,12,SELL,29.9954435483871,-29.9954435483871
2025-11-19,M+2,2026-01-01,64.25,3.2552,39.44372311827957,42.70345452065988,34.763479330050885,47.120927499970385,32.244222600148206,58.51966538605708,-21.546545479340118,43,SELL,24.80627688172043,-24.80627688172043
2025-11-20,M+1,2025-12-01,69.75,2.9525,39.0045564516129,43.36709274579531,33.378422759430535,50.08517675372171,29.710095390410217,62.277540582095,-26.38290725420469,11,SELL,30.7454435483871,-30.7454435483871
2025-11-20,M+2,2026-01-01,64.0,3.123,39.44372311827957,41.684208136927076,34.12385448290568,46.50529952255732,30.678568373689163,56.24383036512304,-22.315791863072924,42,SELL,24.55627688172043,-24.55627688172043
2025-11-21,M+1,2025-12-01,71.75,3.0801,39.0045564516129,44.2860423180626,34.31149424278527,51.152808607293814,30.06135121700769,63.896851157965266,-27.4639576819374,10,SELL,32.7454435483871,-32.7454435483871
2025-11-21,M+2,2026-01-01,64.5,3.2621,39.44372311827957,42.75681703018094,35.66593922007566,47.62206672550547,32.276480056481276,55.85087942310652,-21.74318296981906,41,SELL,25.05627688172043,-25.05627688172043
2025-11-24,M+1,2025-12-01,73.0,3.1583,39.0045564516129,44.85330792794268,34.14168192838933,51.749656066866436,30.016177414364947,64.54665834984026,-28.14669207205732,7,SELL,33.9954435483871,-33.9954435483871
2025-11-24,M+2,2026-01-01,65.0,3.2898,39.44372311827957,42.971271283587896,35.34473744906237,47.56533254720307,32.840880035910416,55.741682193776114,-22.028728716412104,38,SELL,25.55627688172043,-25.55627688172043
2025-11-25,M+1,2025-12-01,70.0,3.0413,39.0045564516129,44.00576031142064,33.38427338951914,51.64567103098611,30.163382871364735,66.16760215973073,-25.994239688579363,6,SELL,30.9954435483871,-30.9954435483871
2025-11-25,M+2,2026-01-01,63.5,3.2015,39.44372311827957,42.28884711520604,33.816922400634986,48.17004565163084,31.190848780415273,55.68567572887221,-21.21115288479396,37,SELL,24.05627688172043,-24.05627688172043
2025-11-26,M+1,2025-12-01,70.0,3.0443,39.0045564516129,44.02740510744591,33.69475647295506,52.177674423745714,29.529594932116872,63.73236059340367,-25.972594892554092,5,SELL,30.9954435483871,-30.9954435483871
2025-11-26,M+2,2026-01-01,63.5,3.1887,39.44372311827957,42.19014348379172,34.44622541778031,48.31978181008261,31.95692028751259,55.96911109511688,-21.309856516208278,36,SELL,24.05627688172043,-24.05627688172043
2025-11-27,M+1,2025-12-01,70.0,3.0443,39.0045564516129,44.02740510744591,33.6418312254742,51.64885133897754,31.075646676620064,64.64622704920454,-25.972594892554092,4,SELL,30.9954435483871,-30.9954435483871
2025-11-27,M+2,2026-01-01,63.5,3.1887,39.44372311827957,42.19014348379172,34.26076823664251,47.29596474441436,31.91925713475589,57.12868035854574,-21.309856516208278,35,SELL,24.05627688172043,-24.05627688172043
2025-11-28,M+1,2025-12-01,62.74,3.1499,39.0045564516129,44.792222785191704,34.820910683808556,51.39409869700524,30.736890068918058,65.24981857669805,-17.947777214808298,3,SELL,23.735443548387103,-23.735443548387103
2025-11-28,M+2,2026-01-01,62.0,3.2998,39.44372311827957,43.04875942921433,35.61432896782464,47.987878809151745,32.27730875726312,57.659327488893815,-18.95124057078567,34,SELL,22.55627688172043,-22.55627688172043
2025-12-01,M+1,2026-01-01,59.25,3.2698,39.44372311827957,42.81639916062672,35.18128142697168,47.663254460821534,31.991896927081708,57.40477244994148,-16.433600839373277,31,SELL,19.80627688172043,-19.80627688172043
2025-12-01,M+2,2026-02-01,58.75,3.2566,22.387440476190477,42.42218306133485,34.4167860218098,47.269733457567355,31.524295280970414,57.25861453241993,-16.32781693866515,62,SELL,36.36255952380952,-36.36255952380952
2025-12-02,M+1,2026-01-01,60.0,3.2475,39.44372311827957,42.643936717660246,34.49117916803506,46.54393828894619,31.834042589118855,57.06972746407969,-17.356063282339754,30,SELL,20.55627688172043,-20.55627688172043
2025-12-02,M+2,2026-02-01,59.0,3.2396,22.387440476190477,42.29240242871429,34.301056729072194,47.11870392631088,31.342573763151638,57.53190548335148,-16.70759757128571,61,SELL,36.61255952380952,-36.61255952380952
2025-12-03,M+1,2026-01-01,61.25,3.4169,39.44372311827957,43.95932884123482,36.04038348826981,48.030763462312194,33.347113941651536,60.780592335555305,-17.29067115876518,29,SELL,21.80627688172043,-21.80627688172043
2025-12-03,M+2,2026-02-01,60.0,3.4112,22.387440476190477,43.6091281412897,34.52925742305159,50.84480425625018,31.96926401155164,59.319891381055854,-16.390871858710298,60,SELL,37.61255952380952,-37.61255952380952
2025-12-04,M+1,2026-01-01,61.25,3.3886,39.44372311827957,43.73883030514184,35.67532814111348,49.74907135721798,33.02938107919109,59.45927486530993,-17.51116969485816,28,SELL,21.80627688172043,-21.80627688172043
2025-12-04,M+2,2026-02-01,59.75,3.378,22.387440476190477,43.35326019776681,35.80578623733797,48.539433390779124,32.52050984367644,59.24866526868855,-16.396739802233192,59,SELL,37.36255952380952,-37.36255952380952
2025-12-05,M+1,2026-01-01,60.75,3.4698,39.44372311827957,44.372124732531155,36.87157839793631,48.450538001992186,34.770212042779725,58.36668248730754,-16.377875267468845,27,SELL,21.30627688172043,-21.30627688172043
2025-12-05,M+2,2026-02-01,59.5,3.4506,22.387440476190477,43.91351526632894,36.15368541563288,47.822682822860344,33.12080267856572,60.23428634763842,-15.586484733671057,58,SELL,37.11255952380952,-37.11255952380952
2025-12-08,M+1,2026-01-01,60.75,3.4168,39.44372311827957,43.95854913424556,36.54672857336178,47.859148474657104,33.89052015802888,56.487349456936784,-16.79145086575444,24,SELL,21.30627688172043,-21.30627688172043
2025-12-08,M+2,2026-02-01,59.0,3.3968,22.387440476190477,43.498093617777556,35.418883891032266,47.92361800393648,33.17414250195699,59.418827914016596,-15.501906382222444,55,SELL,36.61255952380952,-36.61255952380952
2025-12-09,M+1,2026-01-01,58.0,3.3059,39.44372311827957,43.096063641847635,34.91107216063514,48.50501231642291,32.11826337423853,57.957800470114854,-14.903936358152365,23,SELL,18.55627688172043,-18.55627688172043
2025-12-09,M+2,2026-02-01,58.0,3.3062,22.387440476190477,42.80185746127205,34.76251342162503,45.762395481030275,31.854028929857424,56.24822217605072,-15.19814253872795,54,SELL,35.61255952380952,-35.61255952380952
2025-12-10,M+1,2026-01-01,59.5,3.4093,39.44372311827957,43.90008029694309,35.81907923282661,48.04042432924004,33.55237998211372,60.400253137086715,-15.599919703056912,22,SELL,20.05627688172043,-20.05627688172043
2025-12-10,M+2,2026-02-01,59.5,3.4051,22.387440476190477,43.56207505423254,34.8942982373307,48.75310787901038,32.75679458726203,58.94896979175212,-15.937924945767463,53,SELL,37.11255952380952,-37.11255952380952
2025-12-11,M+1,2026-01-01,59.5,3.2197,39.44372311827957,42.42927359215285,33.919668708400465,49.3368572086803,31.613591201366248,57.874930510345706,-17.070726407847147,21,SELL,20.05627688172043,-20.05627688172043
2025-12-11,M+2,2026-02-01,59.5,3.2198,22.387440476190477,42.14139193165912,33.71721966242934,46.82435007033669,31.386429623751418,57.40107283989987,-17.358608068340878,52,SELL,37.11255952380952,-37.11255952380952
2025-12-12,M+1,2026-01-01,57.0,3.0052,39.44372311827957,40.783283757229,32.29179776418028,46.458274969957685,29.63528829655066,55.36160007765941,-16.216716242771,20,SELL,17.55627688172043,-17.55627688172043
2025-12-12,M+2,2026-02-01,56.5,3.0003,22.387440476190477,40.47996296034945,32.21907849223808,45.79981284483772,29.75523649057293,57.236620687559565,-16.020037039650553,51,SELL,34.11255952380952,-34.11255952380952
2025-12-15,M+1,2026-01-01,55.5,2.8495,39.44372311827957,39.60396763992639,31.18977809283558,45.329207410456895,28.903989218007585,56.409261162160995,-15.896032360073612,17,SELL,16.05627688172043,-16.05627688172043
2025-12-15,M+2,2026-02-01,55.0,2.8644,22.387440476190477,39.466094067376325,30.39143163695342,44.52315437663826,27.80566353377171,53.95243747296521,-15.533905932623675,48,SELL,32.61255952380952,-32.61255952380952
2025-12-16,M+1,2026-01-01,55.5,2.8302,39.44372311827957,39.45857509485787,32.093058197806755,44.32534741600159,29.0481505018783,54.086836360632915,-16.04142490514213,16,SELL,16.05627688172043,-16.05627688172043
2025-12-16,M+2,2026-02-01,55.0,2.8323,22.387440476190477,39.2280621378527,31.267156776457014,44.771716651489385,28.502870178868925,53.521057297957945,-15.771937862147297,47,SELL,32.61255952380952,-32.61255952380952
2025-12-17,M+1,2026-01-01,55.5,2.8837,39.44372311827957,39.86195393818329,32.174509434879894,44.11128676054168,29.386083901768185,54.850213394236725,-15.63804606181671,15,SELL,16.05627688172043,-16.05627688172043
2025-12-17,M+2,2026-02-01,55.0,2.8863,22.387440476190477,39.62885949080757,31.01490027750745,43.561962608224356,28.016679889254895,57.918901548040786,-15.37114050919243,46,SELL,32.61255952380952,-32.61255952380952
2025-12-18,M+1,2026-01-01,55.0,2.7718,39.44372311827957,39.01974336581677,30.641543274532673,43.544811074704654,28.831728713835457,54.60008576361681,-15.980256634183228,14,SELL,15.556276881720429,-15.556276881720429
2025-12-18,M+2,2026-02-01,54.75,2.7735,22.387440476190477,38.793703599619604,29.56342262344863,44.254043815909824,26.647073090282564,55.43812408643658,-15.956296400380396,45,SELL,32.36255952380952,-32.36255952380952
2025-12-19,M+1,2026-01-01,55.5,2.8099,39.44372311827957,39.3058593108977,30.59254220388869,43.79410720166697,28.220032725869654,55.406246831580674,-16.194140689102298,13,SELL,16.05627688172043,-16.05627688172043
2025-12-19,M+2,2026-02-01,55.0,2.8101,22.387440476190477,39.063844162771204,30.291215707786197,43.996212963180696,28.006075219609272,54.03194862177906,-15.936155837228796,44,SELL,32.61255952380952,-32.61255952380952
2025-12-22,M+1,2026-01-01,55.5,2.6907,39.44372311827957,38.4133556756919,29.816961188316036,43.889190424705,27.926509663439486,54.34638712433955,-17.086644324308097,10,SELL,16.05627688172043,-16.05627688172043
2025-12-22,M+2,2026-02-01,55.0,2.6902,22.387440476190477,38.18109248198209,30.428060872979653,43.318761320219565,26.88779199802395,53.599724235705644,-16.81890751801791,41,SELL,32.61255952380952,-32.61255952380952
2025-12-23,M+1,2026-01-01,53.0,2.7261,39.44372311827957,38.6775903343254,30.635954093945674,42.75708286584791,28.685053696089057,55.116378072925706,-14.322409665674599,9,SELL,13.556276881720429,-13.556276881720429
2025-12-23,M+2,2026-02-01,53.0,2.7499,22.387440476190477,38.61983361822358,30.658365100112498,44.384429782598545,27.281022258865356,51.80136856339192,-14.38016638177642,40,SELL,30.612559523809523,-30.612559523809523
2025-12-24,M+1,2026-01-01,53.0,2.6394,39.44372311827957,38.031903786364154,29.639602720508034,43.02942269218885,26.916871970570213,54.68653905932748,-14.968096213635846,8,SELL,13.556276881720429,-13.556276881720429
2025-12-24,M+2,2026-02-01,53.0,2.67,22.387440476190477,38.03310379708275,29.735203997956397,42.28119753987674,26.56405569228438,51.66639760414803,-14.966896202917248,39,SELL,30.612559523809523,-30.612559523809523
2025-12-26,M+1,2026-01-01,53.0,2.699,39.44372311827957,38.47523312362836,30.984274801404396,43.23683532022591,27.598525830993278,51.96746528618238,-14.524766876371643,6,SELL,13.556276881720429,-13.556276881720429
2025-12-26,M+2,2026-02-01,53.0,2.7191,22.387440476190477,38.393257341828146,30.459955514534478,44.02141357628473,27.072123827721796,52.669479621814055,-14.606742658171854,37,SELL,30.612559523809523,-30.612559523809523
2025-12-29,M+1,2026-01-01,50.5,2.7047,39.44372311827957,38.51775166056547,30.2114492454354,44.335793975339406,27.412138181201914,53.93548210013895,-11.982248339434527,3,SELL,11.056276881720429,-11.056276881720429
2025-12-29,M+2,2026-02-01,53.0,2.72,22.387440476190477,38.399871264187375,29.56349326037666,43.49366875688565,26.90606726940981,53.17791527639389,-14.600128735812625,34,SELL,30.612559523809523,-30.612559523809523
2025-12-30,M+1,2026-01-01,50.5,2.7308,39.44372311827957,38.712731512285806,30.174967954030187,45.277278636752676,27.7256944756751,54.470297590591045,-11.787268487714194,2,SELL,11.056276881720429,-11.056276881720429
2025-12-30,M+2,2026-02-01,52.75,2.7362,22.387440476190477,38.518992367768746,30.19388849029196,44.27269596782132,26.59447019229749,53.516540384189604,-14.231007632231254,33,SELL,30.362559523809523,-30.362559523809523
2025-12-31,M+1,2026-01-01,50.5,2.6834,39.44372311827957,38.35896287119966,30.953921158358334,42.99971854419779,28.263710172015077,51.745030053352934,-12.141037128800342,1,SELL,11.056276881720429,-11.056276881720429
2025-12-31,M+2,2026-02-01,52.5,2.6915,22.387440476190477,38.190626075189606,30.080189562367128,43.27511046180443,26.698564166818628,55.1018193655898,-14.309373924810394,32,SELL,30.112559523809523,-30.112559523809523
2026-01-02,M+1,2026-02-01,52.75,2.7517,22.387440476190477,38.63308638608073,30.459027001542978,42.30679192855579,26.305058431313736,55.9577955866161,-14.116913613919273,30,SELL,30.362559523809523,-30.362559523809523
2026-01-02,M+2,2026-03-01,43.0,2.4576,33.70409420289855,34.38319717517017,27.603061240408458,37.69897002792528,25.586562447990172,48.61403146215929,-8.616802824829833,58,SELL,9.295905797101447,-9.295905797101447
2026-01-05,M+1,2026-02-01,55.0,2.5812,22.387440476190477,37.385280143961495,28.31902465925426,43.969878392545596,25.09067214737287,53.98161543147574,-17.614719856038505,27,SELL,32.61255952380952,-32.61255952380952
2026-01-05,M+2,2026-03-01,43.5,2.3122,33.70409420289855,33.320516813363206,26.93210087636632,37.379953678455536,24.86223285146503,45.1628280430785,-10.179483186636794,55,SELL,9.795905797101447,-9.795905797101447
2026-01-06,M+1,2026-02-01,54.5,2.4346,22.387440476190477,36.326393637452604,27.07773370430131,40.59172488142559,24.134167084069475,53.48092477486861,-18.173606362547396,26,SELL,32.11255952380952,-32.11255952380952
2026-01-06,M+2,2026-03-01,43.5,2.1718,33.70409420289855,32.30993027876578,25.39412577939055,36.20514272154675,23.565773887585973,44.96798041256713,-11.190069721234217,54,SELL,9.795905797101447,-9.795905797101447
2026-01-07,M+1,2026-02-01,52.25,2.5151,22.387440476190477,36.90616312388787,28.770503316898566,42.23430141386425,25.352711445656347,54.08418091581714,-15.343836876112128,25,SELL,29.862559523809523,-29.862559523809523
2026-01-07,M+2,2026-03-01,43.5,2.2554,33.70409420289855,32.90978101695423,25.420360299611385,37.40114528102205,23.28757024686769,47.45325388874283,-10.590218983045773,53,SELL,9.795905797101447,-9.795905797101447
2026-01-08,M+1,2026-02-01,51.0,2.3787,22.387440476190477,35.926043332048984,27.57991407850878,40.348673610938654,23.333014907173173,48.673152249019,-15.073956667951016,24,SELL,28.612559523809523,-28.612559523809523
2026-01-08,M+2,2026-03-01,42.0,2.1453,33.70409420289855,32.12094649888399,25.742855193210332,36.40124048907601,22.80476642497951,45.87862583856703,-9.879053501116012,52,SELL,8.295905797101447,-8.295905797101447
2026-01-09,M+1,2026-02-01,50.25,2.1212,22.387440476190477,34.105157708688466,25.797207752500146,40.15417699900998,21.98340961972603,49.58665284720655,-16.144842291311534,23,SELL,27.862559523809523,-27.862559523809523
2026-01-09,M+2,2026-03-01,41.5,1.9109,33.70409420289855,30.47393778180141,23.560213473549013,34.37661789077802,21.414791709765975,44.08553791246495,-11.02606221819859,51,SELL,7.795905797101447,-7.795905797101447
2026-01-12,M+1,2026-02-01,47.0,2.0499,22.387440476190477,33.60825036051575,25.018278073764392,38.268973086864264,21.773784233129494,53.049914938295785,-13.391749639484253,20,SELL,24.612559523809523,-24.612559523809523
2026-01-12,M+2,2026-03-01,40.5,1.8982,33.70409420289855,30.38600957699089,23.209615321543204,35.19170453614212,20.581440515371728,45.56452773119037,-10.11399042300911,48,SELL,6.795905797101447,-6.795905797101447
2026-01-13,M+1,2026-02-01,47.0,2.1505,22.387440476190477,34.310313809119286,26.168006564987785,40.06897022462041,22.0311108415802,49.89695330630633,-12.689686190880714,19,SELL,24.612559523809523,-24.612559523809523
2026-01-13,M+2,2026-03-01,40.5,1.987,33.70409420289855,31.003732299126025,24.33091027438404,34.80613519510313,21.582444347145355,45.76070134410861,-9.496267700873975,47,SELL,6.795905797101447,-6.795905797101447
2026-01-14,M+1,2026-02-01,46.5,2.0706,22.387440476190477,33.752143703729274,24.833512633928322,38.109144734658,21.650050945403905,48.11499855383805,-12.747856296270726,18,SELL,24.112559523809523,-24.112559523809523
2026-01-14,M+2,2026-03-01,40.0,1.9282,33.70409420289855,30.593961542397793,23.60644040355484,35.17224721007969,21.344783347544464,43.26925412320959,-9.406038457602207,46,SELL,6.295905797101447,-6.295905797101447
2026-01-15,M+1,2026-02-01,46.75,2.0402,22.387440476190477,33.540954139328576,24.659395071403658,39.86773759786558,21.908800536537584,50.78202845636276,-13.209045860671424,17,SELL,24.362559523809523,-24.362559523809523
2026-01-15,M+2,2026-03-01,40.0,1.9082,33.70409420289855,30.455232447243198,23.688239507912918,35.61983771427709,21.129436357346414,43.120690332407285,-9.544767552756802,45,SELL,6.295905797101447,-6.295905797101447
2026-01-16,M+1,2026-02-01,46.0,2.1017,22.387440476190477,33.96890784346085,25.079611522768225,39.29605746049681,21.46968156841503,49.9206471825347,-12.031092156539152,16,SELL,23.612559523809523,-23.612559523809523
2026-01-16,M+2,2026-03-01,39.0,1.9627,33.70409420289855,30.834014933434684,23.14318785263879,35.033554995048334,21.031384541753923,45.550023943663284,-8.165985066565316,44,SELL,5.295905797101447,-5.295905797101447
2026-01-19,M+1,2026-02-01,46.0,2.1017,22.387440476190477,33.96890784346085,24.22405799230743,40.143333760675176,20.779553402456724,53.40698159123332,-12.031092156539152,13,SELL,23.612559523809523,-23.612559523809523
2026-01-19,M+2,2026-03-01,39.0,1.9627,33.70409420289855,30.834014933434684,24.0161452776272,34.714628972636305,21.504243459692916,45.8515750594499,-8.165985066565316,41,SELL,5.295905797101447,-5.295905797101447
2026-01-20,M+1,2026-02-01,45.25,2.4207,22.387440476190477,36.22667320731629,27.18802051929373,43.80515782300538,24.053925232121394,53.581854347016474,-9.023326792683712,12,SELL,22.862559523809523,-22.862559523809523
2026-01-20,M+2,2026-03-01,38.5,2.2605,33.70409420289855,32.946577923975966,25.63113303367146,36.771268911132786,22.989116643792396,46.43745798538152,-5.5534220760240345,40,SELL,4.795905797101447,-4.795905797101447
2026-01-21,M+1,2026-02-01,45.25,2.615,22.387440476190477,37.63133200122054,28.563910513853987,44.444634499556265,26.319225117489335,52.79041740641374,-7.618667998779458,11,SELL,22.862559523809523,-22.862559523809523
2026-01-21,M+2,2026-03-01,38.0,2.4206,33.70409420289855,34.111291998907774,27.6549161528525,37.493629604948964,25.03764781153345,46.56500991391761,-3.888708001092226,39,SELL,4.295905797101447,-4.295905797101447
2026-01-22,M+1,2026-02-01,45.0,2.5202,22.387440476190477,36.943031285518195,27.534781442972843,42.57222682170474,25.29060564522775,55.68207469121895,-8.056968714481805,10,SELL,22.612559523809523,-22.612559523809523
2026-01-22,M+2,2026-03-01,38.0,2.3612,33.70409420289855,33.67681704423097,26.98544417363601,37.84301279904865,24.309616324770946,46.879598018837186,-4.323182955769028,38,SELL,4.295905797101447,-4.295905797101447
2026-01-23,M+1,2026-02-01,44.5,2.4492,22.387440476190477,36.43127085598994,27.430575998685953,43.77257833401772,23.624524253495828,53.24719719012105,-8.068729144010057,9,SELL,22.112559523809523,-22.112559523809523
2026-01-23,M+2,2026-03-01,38.0,2.32,33.70409420289855,33.377094417942985,26.637098016860072,37.28950044574691,23.976312733847085,46.76441307957053,-4.622905582057015,37,SELL,4.295905797101447,-4.295905797101447
2026-01-26,M+1,2026-02-01,43.0,2.4345,22.387440476190477,36.32567577435736,26.992976723503688,42.59977407965892,24.366581262608236,55.058307077100906,-6.674324225642643,6,SELL,20.612559523809523,-20.612559523809523
2026-01-26,M+2,2026-03-01,38.0,2.2507,33.70409420289855,32.87589133982105,26.062527346622183,37.703788280183076,23.84106821023195,44.15195246301708,-5.124108660178948,34,SELL,4.295905797101447,-4.295905797101447
2026-01-27,M+1,2026-02-01,44.0,2.3506,22.387440476190477,35.72539686405362,27.687533171418874,40.02840622115634,24.874263254663393,49.35056808262008,-8.274603135946379,5,SELL,21.612559523809523,-21.612559523809523
2026-01-27,M+2,2026-03-01,38.0,2.1396,33.70409420289855,32.08035931477358,25.013737662861434,35.6777929178989,23.164099861795954,46.78489584110886,-5.919640685226419,33,SELL,4.295905797101447,-4.295905797101447
2026-01-28,M+1,2026-02-01,41.5,2.2458,22.387440476190477,34.98140582760043,26.12184531410879,41.34470176635578,23.293001877841178,50.823718614286605,-6.518594172399567,4,SELL,19.112559523809523,-19.112559523809523
2026-01-28,M+2,2026-03-01,38.0,2.0137,33.70409420289855,31.19081325505753,24.520729308515456,35.762501088107555,22.734281015098933,43.31915640861848,-6.809186744942469,32,SELL,4.295905797101447,-4.295905797101447
2026-01-29,M+1,2026-02-01,39.43,2.1866,22.387440476190477,34.56387420740394,25.67064141244692,40.67135884375601,22.529442288481558,48.6574643202038,-4.866125792596058,3,,17.042559523809523,-17.042559523809523
2026-01-29,M+2,2026-03-01,38.0,1.9727,33.70409420289855,30.90378003519699,23.440503441449263,36.076741187356134,21.31645534663328,45.000664194031074,-7.096219964803009,31,SELL,4.295905797101447,-4.295905797101447
2026-01-30,M+1,2026-02-01,39.66,2.2575,22.387440476190477,35.064187385939334,27.47894939144623,40.9171191834949,24.09680137563362,49.042493329055226,-4.595812614060662,2,,17.27255952380952,-17.27255952380952
2026-01-30,M+2,2026-03-01,37.5,2.0972,33.70409420289855,31.77932972305605,24.876941733880276,36.08086876522408,22.297467421528122,45.076237647355406,-5.720670276943949,30,SELL,3.7959057971014474,-3.7959057971014474
2026-02-02,M+1,2026-03-01,37.0,1.8804,33.70409420289855,30.263038889066824,23.78471972448115,34.86817690484312,21.319393407724718,44.242174111387726,-6.736961110933176,27,SELL,3.2959057971014474,-3.2959057971014474
2026-02-02,M+2,2026-04-01,43.5,1.8004,27.60873611111111,34.4828332628715,24.69219888969512,41.35318253533468,20.123022016597506,52.924516186703464,-9.017166737128498,58,SELL,15.89126388888889,-15.89126388888889
2026-02-03,M+1,2026-03-01,37.0,1.8916,33.70409420289855,30.340367844413862,23.386512405290272,34.63063236140885,20.541918483438984,43.38192867906801,-6.659632155586138,26,SELL,3.2959057971014474,-3.2959057971014474
2026-02-03,M+2,2026-04-01,43.5,1.8287,27.60873611111111,34.672283888428524,25.209776452600455,40.763902606346775,22.130639450485923,50.719665258591995,-8.827716111571476,57,SELL,15.89126388888889,-15.89126388888889
2026-02-04,M+1,2026-03-01,36.0,1.8914,33.70409420289855,30.338985962693428,23.327889173862555,35.24630885344678,21.334376181070958,41.94964836433151,-5.661014037306572,25,SELL,2.2959057971014474,-2.2959057971014474
2026-02-04,M+2,2026-04-01,43.35,1.8294,27.60873611111111,34.676975405095185,24.99143422875357,41.41109497316542,21.117392189823182,48.46243138391173,-8.673024594904817,56,SELL,15.741263888888891,-15.741263888888891
2026-02-05,M+1,2026-03-01,35.75,1.781,33.70409420289855,29.582004389201227,22.733465521886735,33.188483549864735,20.532722157868097,43.865706864060954,-6.167995610798773,24,SELL,2.0459057971014474,-2.0459057971014474
2026-02-05,M+2,2026-04-01,42.85,1.7128,27.60873611111111,33.899474628213035,24.756262242121373,41.01851057918169,20.463197393025446,50.123752788784515,-8.950525371786966,55,SELL,15.241263888888891,-15.241263888888891
2026-02-06,M+1,2026-03-01,35.75,1.7296,33.70409420289855,29.23298968744203,22.288221546968835,34.03237914276308,20.368173325037986,41.50522621291568,-6.5170103125579715,23,SELL,2.0459057971014474,-2.0459057971014474
2026-02-06,M+2,2026-04-01,42.85,1.6798,27.60873611111111,33.680905967792775,24.653569696694426,40.280719173914434,20.766508773551255,50.22875819607199,-9.169094032207227,54,SELL,15.241263888888891,-15.241263888888891
2026-02-09,M+1,2026-03-01,35.75,1.7534,33.70409420289855,29.394457435275168,22.046892289750136,33.3674728912202,19.909465393659737,43.91612935543969,-6.355542564724832,20,SELL,2.0459057971014474,-2.0459057971014474
2026-02-09,M+2,2026-04-01,43.1,1.6907,27.60873611111111,33.75301778334757,23.65710782640192,41.23820420027128,19.544017665718435,50.87422220852612,-9.346982216652428,51,SELL,15.491263888888891,-15.491263888888891
2026-02-10,M+1,2026-03-01,36.25,1.7133,33.70409420289855,29.122585371,22.129177415257438,33.79207220477585,19.92837762349771,41.882247833860745,-7.1274146290000004,19,SELL,2.5459057971014474,-2.5459057971014474
2026-02-10,M+2,2026-04-01,42.85,1.6452,27.60873611111111,33.45262379176548,23.98117427573377,39.96956196463403,19.814229917881836,49.61818407671464,-9.397376208234519,50,SELL,15.241263888888891,-15.241263888888891
2026-02-11,M+1,2026-03-01,37.0,1.6308,33.70409420289855,28.566385072737862,20.476111214646163,34.10751323422882,18.21850492448735,43.46956831872496,-8.433614927262138,18,SELL,3.2959057971014474,-3.2959057971014474
2026-02-11,M+2,2026-04-01,43.25,1.5402,27.60873611111111,32.76545012484001,23.935522045095688,38.66646073756999,19.630694670163454,48.78137570392177,-10.484549875159992,49,SELL,15.64126388888889,-15.64126388888889
2026-02-12,M+1,2026-03-01,39.0,1.651,33.70409420289855,28.70209798673068,22.05124772669821,33.13141538973237,19.43777689736355,40.463990694577525,-10.297902013269319,17,SELL,5.295905797101447,-5.295905797101447
2026-02-12,M+2,2026-04-01,44.0,1.5403,27.60873611111111,32.766100391506676,22.989978683640313,38.40727029041867,18.948137788068166,48.6181480297836,-11.233899608493324,48,SELL,16.39126388888889,-16.39126388888889
2026-02-13,M+1,2026-03-01,39.25,1.6607,33.70409420289855,28.767439472694438,21.604919725072406,33.84160399387099,19.255958497925945,41.680943446549435,-10.482560527305562,16,SELL,5.545905797101447,-5.545905797101447
2026-02-13,M+2,2026-04-01,44.0,1.564,27.60873611111111,32.92045999454443,22.902024762492573,40.577669105744555,19.062586203768337,50.24234911825786,-11.07954000545557,47,SELL,16.39126388888889,-16.39126388888889
2026-02-16,M+1,2026-03-01,39.25,1.6607,33.70409420289855,28.767439472694438,21.94452353651554,31.994265178924163,19.949037727079695,42.6068338098817,-10.482560527305562,13,SELL,5.545905797101447,-5.545905797101447
2026-02-16,M+2,2026-04-01,44.0,1.564,27.60873611111111,32.92045999454443,23.017742222379624,38.038939922525294,18.87916719002341,52.54926259125756,-11.07954000545557,44,SELL,16.39126388888889,-16.39126388888889
2026-02-17,M+1,2026-03-01,37.5,1.6668,33.70409420289855,28.808555993671085,21.566828176761717,32.76884058742692,19.022322200179122,41.26978478687841,-8.691444006328915,12,SELL,3.7959057971014474,-3.7959057971014474
2026-02-17,M+2,2026-04-01,43.25,1.58,27.60873611111111,33.02494356265876,23.116911650479352,39.25060150243612,19.22598268632081,51.30430599534626,-10.225056437341237,43,SELL,15.64126388888889,-15.64126388888889
2026-02-18,M+1,2026-03-01,36.25,1.7165,33.70409420289855,29.144247399427126,22.00493395885965,32.51818194548695,19.150081717595643,45.1206491501739,-7.105752600572874,11,SELL,2.5459057971014474,-2.5459057971014474
2026-02-18,M+2,2026-04-01,42.75,1.6123,27.60873611111111,33.23643292505783,23.246233090925003,39.2222888578518,19.953776547285248,49.76439865514053,-9.513567074942173,42,SELL,15.14126388888889,-15.14126388888889
2026-02-19,M+1,2026-03-01,36.25,1.6725,33.70409420289855,28.846989240208288,22.05253362375708,32.13495297534316,18.726310031982013,42.58892689894399,-7.403010759791712,10,SELL,2.5459057971014474,-2.5459057971014474
2026-02-19,M+2,2026-04-01,43.0,1.5904,27.60873611111111,33.09295930163967,24.100588961740286,39.10794562045963,19.573307034865664,49.356460965461075,-9.907040698360333,41,SELL,15.39126388888889,-15.39126388888889
2026-02-20,M+1,2026-03-01,35.75,1.6577,33.70409420289855,28.747225114729925,21.344359037259583,32.20020482203287,18.777300334336065,43.51808397662949,-7.002774885270075,9,SELL,2.0459057971014474,-2.0459057971014474
2026-02-20,M+2,2026-04-01,42.75,1.5728,27.60873611111111,32.97788991360841,22.956476400261927,40.69220279683214,19.40939748262017,50.307606353262074,-9.772110086391592,40,SELL,15.14126388888889,-15.14126388888889
2026-02-23,M+1,2026-03-01,35.0,1.5996,33.70409420289855,28.35756666482388,21.7467060171038,33.92568213684102,18.927281291134467,41.867869594455165,-6.6424333351761184,6,SELL,1.2959057971014474,-1.2959057971014474
2026-02-23,M+2,2026-04-01,42.5,1.5062,27.60873611111111,32.544802389164644,23.322961423370522,38.9635622239507,18.721810206736127,50.84739751939215,-9.955197610835356,37,SELL,14.89126388888889,-14.89126388888889
2026-02-24,M+1,2026-03-01,34.0,1.5512,33.70409420289855,28.03505279368676,21.017993061986264,32.44636123590888,18.126237595915537,42.73166216955121,-5.964947206313241,5,SELL,0.2959057971014474,-0.2959057971014474
2026-02-24,M+2,2026-04-01,42.0,1.4583,27.60873611111111,32.23547717602263,21.676166506132684,39.54442827972109,17.246157339722814,49.75532693336519,-9.764522823977373,36,SELL,14.39126388888889,-14.39126388888889
2026-02-25,M+1,2026-03-01,32.25,1.5031,33.70409420289855,27.716064962006687,20.178486290943468,33.04700220202472,17.3656821948291,42.69693615862892,-4.533935037993313,4,,-1.4540942028985526,1.4540942028985526
2026-02-25,M+2,2026-04-01,42.0,1.44,27.60873611111111,32.11783868910214,22.363987120695278,37.06228219567753,18.374644733530932,47.681429300178216,-9.882161310897857,35,SELL,14.39126388888889,-14.39126388888889
2026-02-26,M+1,2026-03-01,31.75,1.385,33.70409420289855,26.940043459456188,19.888244631615017,31.687468164186974,17.223690031507434,41.287291649544706,-4.809956540543812,3,SELL,-1.9540942028985526,1.9540942028985526
2026-02-26,M+2,2026-04-01,41.0,1.3601,27.60873611111111,31.607817394702543,23.018038988692844,38.40796064231267,18.617501114113953,47.20402895428046,-9.392182605297457,34,SELL,13.39126388888889,-13.39126388888889
2026-02-27,M+1,2026-03-01,32.0,1.46,33.70409420289855,27.43165326775934,20.81485265797149,31.42491366685357,18.16040287081768,40.74132636310225,-4.568346732240659,2,SELL,-1.7040942028985526,1.7040942028985526
2026-02-27,M+2,2026-04-01,40.75,1.3739,27.60873611111111,31.695579210664054,21.424493945663524,39.120046815719476,16.982324656829014,49.99286584932806,-9.054420789335946,33,SELL,13.14126388888889,-13.14126388888889
2026-03-02,M+1,2026-04-01,40.75,1.522,27.60873611111111,32.6472128318671,23.332383762968234,37.31808267042117,18.600384969442196,50.76676401807092,-8.102787168132899,30,SELL,13.14126388888889,-13.14126388888889
2026-03-02,M+2,2026-05-01,34.5,1.4704,42.97766129032259,38.843092358297284,25.867799490718507,49.448740816686254,19.006445075619283,58.82749186792842,4.343092358297284,60,,-8.477661290322587,8.477661290322587
2026-03-03,M+1,2026-04-01,43.0,1.6651,27.60873611111111,33.58377348477607,24.20927265707709,39.01092303742174,20.383989024550026,51.019112811232226,-9.416226515223933,29,SELL,15.39126388888889,-15.39126388888889
2026-03-03,M+2,2026-05-01,34.5,1.6245,42.97766129032259,39.763830825284515,26.967671741636323,51.3172128725359,18.774466211075886,64.61019989097674,5.263830825284515,59,,-8.477661290322587,8.477661290322587
2026-03-04,M+1,2026-04-01,43.0,1.6997,27.60873611111111,33.81262439710311,23.576594373619166,39.93301100754905,20.03008046553593,50.982723124218865,-9.187375602896893,28,SELL,15.39126388888889,-15.39126388888889
2026-03-04,M+2,2026-05-01,34.5,1.6676,42.97766129032259,40.02338722955633,27.729098331565176,49.224000263697775,21.369364250274312,62.26961604719929,5.523387229556327,58,,-8.477661290322587,8.477661290322587
2026-03-05,M+1,2026-04-01,42.5,1.7257,27.60873611111111,33.98509216747239,24.381804526951555,40.597489566902546,21.013557455529835,51.56829789138538,-8.514907832527612,27,SELL,14.89126388888889,-14.89126388888889
2026-03-05,M+2,2026-05-01,33.5,1.7003,42.97766129032259,40.22105796281565,27.5839940188469,51.20659246789273,19.953886725317822,62.86421319462382,6.7210579628156495,57,,-9.477661290322587,9.477661290322587
2026-03-06,M+1,2026-04-01,42.5,1.796,27.60873611111111,34.45342306790797,24.75589433618709,40.232722064999024,20.889225249801488,54.341025580527216,-8.04657693209203,26,SELL,14.89126388888889,-14.89126388888889
2026-03-06,M+2,2026-05-01,33.5,1.7695,42.97766129032259,40.641110344999,27.316162354051865,51.92609827549846,19.557617056445775,63.38188593441788,7.141110344998999,56,,-9.477661290322587,9.477661290322587
2026-03-09,M+1,2026-04-01,43.0,1.806,27.60873611111111,34.520282391281604,25.572505032213307,40.29379500026123,21.07821840530874,51.061289642799395,-8.479717608718396,23,SELL,15.39126388888889,-15.39126388888889
2026-03-09,M+2,2026-05-01,33.5,1.7866,42.97766129032259,40.74523018760517,28.133994431421947,50.40160420931696,19.483569752298006,65.01149593836028,7.2452301876051735,53,,-9.477661290322587,9.477661290322587
2026-03-10,M+1,2026-04-01,43.25,1.6535,27.60873611111111,33.50727307549279,23.94372335557452,40.05926309431848,19.57376271466825,50.3579434187494,-9.74272692450721,22,SELL,15.64126388888889,-15.64126388888889
2026-03-10,M+2,2026-05-01,33.5,1.6524,42.97766129032259,39.931742661467325,27.88234045333612,51.70558793801186,19.016308368216325,64.33134671376071,6.431742661467325,52,,-9.477661290322587,9.477661290322587
2026-03-11,M+1,2026-04-01,43.0,1.7508,27.60873611111111,34.15197654567673,25.353317967180153,39.706732439805876,20.900706613844086,50.95161147765029,-8.848023454323268,21,SELL,15.39126388888889,-15.39126388888889
2026-03-11,M+2,2026-05-01,33.5,1.7567,42.97766129032259,40.56329242888639,29.261503889630504,51.217718341095825,19.75395554614917,65.06029928572823,7.063292428886392,51,,-9.477661290322587,9.477661290322587
2026-03-12,M+1,2026-04-01,42.85,1.7568,27.60873611111111,34.19191527504231,25.62620518578923,40.74364580862817,20.972807431827405,49.95090982380382,-8.658084724957689,20,SELL,15.241263888888891,-15.241263888888891
2026-03-12,M+2,2026-05-01,33.35,1.7778,42.97766129032259,40.69163637121246,30.707279245135613,49.61601264649259,20.54323840636288,59.45517926025588,7.341636371212459,50,,-9.627661290322585,9.627661290322585
2026-03-13,M+1,2026-04-01,42.85,1.6721,27.60873611111111,33.63000750123269,23.807138154250673,41.1356004381995,20.83384873862492,49.367341758538124,-9.219992498767311,19,SELL,15.241263888888891,-15.241263888888891
2026-03-13,M+2,2026-05-01,33.35,1.6719,42.97766129032259,40.0493451503281,27.856316368648812,51.65367972236734,18.608629394921195,60.11602986650376,6.699345150328099,49,,-9.627661290322585,9.627661290322585
2026-03-16,M+1,2026-04-01,42.75,1.5603,27.60873611111111,32.89633164558074,23.63280147866987,40.14036605582724,19.269201436736076,48.8610600371718,-9.853668354419263,16,SELL,15.14126388888889,-15.14126388888889
2026-03-16,M+2,2026-05-01,33.0,1.5614,42.97766129032259,39.38548597609976,27.521172358870807,49.40905371809652,20.134582100959552,60.06963309796895,6.385485976099758,46,,-9.977661290322587,9.977661290322587
2026-03-17,M+1,2026-04-01,42.5,1.6204,27.60873611111111,33.28958794922364,23.799181180385112,39.15765237485407,18.90749665871169,51.92917576828471,-9.210412050776362,15,SELL,14.89126388888889,-14.89126388888889
2026-03-17,M+2,2026-05-01,33.0,1.6042,42.97766129032259,39.64190477475541,26.77403588986094,50.522443416378245,18.854665885821145,59.62657708303853,6.64190477475541,45,,-9.977661290322587,9.977661290322587
2026-03-18,M+1,2026-04-01,42.5,1.7202,27.60873611111111,33.94857712203763,24.024090304353216,40.93188016854248,19.96188313025085,52.02654166549625,-8.551422877962374,14,SELL,14.89126388888889,-14.89126388888889
2026-03-18,M+2,2026-05-01,33.0,1.7069,42.97766129032259,40.26103000923648,26.682986560520863,52.250261406740236,18.23650333414899,62.550111912269365,7.261030009236478,44,,-9.977661290322587,9.977661290322587
2026-03-19,M+1,2026-04-01,42.75,1.8186,27.60873611111111,34.60461852243643,25.494078487431644,41.44391261311638,20.87675176520086,51.26745534280378,-8.145381477563568,13,SELL,15.14126388888889,-15.14126388888889
2026-03-19,M+2,2026-05-01,32.3,1.7972,42.97766129032259,40.809835881809185,27.53575466368401,51.69619611154604,20.05464493312265,63.677158094812754,8.509835881809188,43,,-10.67766129032259,10.67766129032259
2026-03-20,M+1,2026-04-01,42.65,1.7899,27.60873611111111,34.4126798084565,24.751578299479345,41.48413556580404,20.345816302261166,50.88663693941123,-8.237320191543496,12,SELL,15.041263888888889,-15.041263888888889
2026-03-20,M+2,2026-05-01,32.3,1.7778,42.97766129032259,40.69163637121246,28.119050786660345,51.347269355756396,20.054615033351325,64.285375904988,8.391636371212464,42,,-10.67766129032259,10.67766129032259
2026-03-23,M+1,2026-04-01,42.65,1.6237,27.60873611111111,33.31125501887651,24.029922995097927,38.93554869745103,19.449706074272147,52.1649874183166,-9.33874498112349,9,SELL,15.041263888888889,-15.041263888888889
2026-03-23,M+2,2026-05-01,32.3,1.608,42.97766129032259,39.66470576837925,28.621582865625328,49.80790954820969,20.283002462175002,60.50231937943063,7.3647057683792525,39,,-10.67766129032259,10.67766129032259
2026-03-24,M+1,2026-04-01,41.0,1.6498,27.60873611111111,33.48290295325887,22.661956529539257,40.901356879907766,19.100362603531522,53.64936043611381,-7.517097046741128,8,SELL,13.39126388888889,-13.39126388888889
2026-03-24,M+2,2026-05-01,31.75,1.615,42.97766129032259,39.70673673086848,26.58204679072869,50.282502826684265,19.118646360749658,61.21193041241089,7.956736730868478,38,,-11.227661290322587,11.227661290322587
2026-03-25,M+1,2026-04-01,41.0,1.7073,27.60873611111111,33.86299511087175,23.68862026417649,41.207825926461105,20.407561272994286,53.13380631386795,-7.137004889128249,7,,13.39126388888889,-13.39126388888889
2026-03-25,M+2,2026-05-01,32.0,1.6695,42.97766129032259,40.03485453314833,25.83762997841398,50.46500091073631,19.250282145898808,61.77887057062471,8.034854533148327,37,,-10.977661290322587,10.977661290322587
2026-03-26,M+1,2026-04-01,43.0,1.7018,27.60873611111111,33.82654142823788,24.131618704145446,42.113659821312496,20.41575983299765,51.05297965578349,-9.173458571762119,6,SELL,15.39126388888889,-15.39126388888889
2026-03-26,M+2,2026-05-01,32.75,1.659,42.97766129032259,39.971517274497195,26.08568599687218,51.90297145554217,17.58794847433905,62.18953270393035,7.221517274497195,36,,-10.227661290322587,10.227661290322587
2026-03-27,M+1,2026-04-01,43.0,1.6794,27.60873611111111,33.678261101126104,24.117782427568926,40.44019359816414,20.51388088022675,52.15080482627733,-9.321738898873896,5,SELL,15.39126388888889,-15.39126388888889
2026-03-27,M+2,2026-05-01,32.75,1.6566,42.97766129032259,39.95705196433422,26.11859008655498,51.61377314595409,18.591912040938865,64.71287522649244,7.2070519643342195,35,,-10.227661290322587,10.227661290322587
2026-03-30,M+1,2026-04-01,43.0,1.4849,27.60873611111111,32.407019563416355,22.530406671845892,37.648762793335514,19.55398880750941,49.42174532850969,-10.592980436583645,2,SELL,15.39126388888889,-15.39126388888889
2026-03-30,M+2,2026-05-01,32.75,1.4708,42.97766129032259,38.84546539698805,27.23858390951697,48.95707999565938,18.40737384509879,60.93218843655137,6.095465396988047,32,,-10.227661290322587,10.227661290322587
2026-03-31,M+1,2026-04-01,41.75,1.4292,27.60873611111111,32.04859989550259,23.201262232549915,37.9921815490444,17.502590239883943,48.80990428896796,-9.70140010449741,1,SELL,14.14126388888889,-14.14126388888889
2026-03-31,M+2,2026-05-01,31.75,1.4089,42.97766129032259,38.4793226964225,25.657297079573883,50.18613153537667,16.460519768662174,65.30033784827691,6.7293226964225,31,,-11.227661290322587,11.227661290322587
2026-04-01,M+1,2026-05-01,32.25,1.3684,42.97766129032259,38.240929337174435,25.610711622060215,49.64007180367249,16.2135727221988,59.6928099080347,5.990929337174435,30,,-10.727661290322587,10.727661290322587
2026-04-01,M+2,2026-06-01,34.75,1.4059,17.364652777777778,24.897118488045216,17.297037374879256,28.373139941641483,15.876663310823906,38.2570214062609,-9.852881511954784,61,SELL,17.385347222222222,-17.385347222222222
2026-04-02,M+1,2026-05-01,32.25,1.3739,42.97766129032259,38.27324750230025,26.114334115677643,49.37185951322685,17.21591558684062,63.15083336444532,6.023247502300251,29,,-10.727661290322587,10.727661290322587
2026-04-02,M+2,2026-06-01,34.75,1.4234,17.364652777777778,25.0272291951271,17.62137367793882,29.405966975189383,15.485159033902997,37.13836475344239,-9.722770804872901,60,SELL,17.385347222222222,-17.385347222222222
2026-04-03,M+1,2026-05-01,32.25,1.3739,42.97766129032259,38.27324750230025,26.404194047002875,49.350256279248406,19.128801721992666,60.234199244693805,6.023247502300251,28,,-10.727661290322587,10.727661290322587
2026-04-03,M+2,2026-06-01,34.75,1.4234,17.364652777777778,25.0272291951271,17.741915993834752,28.680152006397954,15.179012942610711,37.87346646949636,-9.722770804872901,59,SELL,17.385347222222222,-17.385347222222222
2026-04-06,M+1,2026-05-01,32.25,1.2498,42.97766129032259,37.54816101115846,25.135600313277255,48.718604046154326,16.767718600852877,59.75523159316127,5.298161011158463,25,,-10.727661290322587,10.727661290322587
2026-04-06,M+2,2026-06-01,34.75,1.3311,17.364652777777778,24.3425727139101,16.954595292261224,28.707795496433693,15.01302095598704,39.57398002010078,-10.407427286089899,56,SELL,17.385347222222222,-17.385347222222222
2026-04-07,M+1,2026-05-01,32.25,1.2355,42.97766129032259,37.46518154531851,24.9332686764496,47.623966244357185,16.983836805329215,59.720504077397116,5.215181545318508,24,,-10.727661290322587,10.727661290322587
2026-04-07,M+2,2026-06-01,34.75,1.3307,17.364652777777778,24.339614947243444,17.059202999789576,28.056563805186254,15.453032262638219,38.65808282152672,-10.410385052756556,55,SELL,17.385347222222222,-17.385347222222222
2026-04-08,M+1,2026-05-01,32.25,1.1812,42.97766129032259,37.15169814432133,23.986982719643095,47.90021612318292,14.637652277501457,59.63521288947107,4.90169814432133,23,,-10.727661290322587,10.727661290322587
2026-04-08,M+2,2026-06-01,34.75,1.2649,17.364652777777778,23.854237583357794,16.26128600548477,27.050262213981142,14.405285196292871,38.16088239542161,-10.895762416642206,54,SELL,17.385347222222222,-17.385347222222222
2026-04-09,M+1,2026-05-01,32.25,1.1153,42.97766129032259,36.77415237411738,22.777745287931157,49.13823595521752,14.08361250831582,64.12806169150058,4.524152374117378,22,,-10.727661290322587,10.727661290322587
2026-04-09,M+2,2026-06-01,34.75,1.2,17.364652777777778,23.37724809689943,15.736115813362723,27.75362724510268,14.062485647325234,36.44719767805407,-11.372751903100571,53,SELL,17.385347222222222,-17.385347222222222
2026-04-10,M+1,2026-05-01,31.5,1.0445,42.97766129032259,36.37144615080071,23.89481893714566,48.277728481892254,14.761658734434628,61.011994648008354,4.871446150800708,21,,-11.477661290322587,11.477661290322587
2026-04-10,M+2,2026-06-01,34.5,1.1426,17.364652777777778,22.957340546997806,14.925467862102437,27.549034888337673,12.894036895669124,35.082003254693895,-11.542659453002194,52,SELL,17.135347222222222,-17.135347222222222
2026-04-13,M+1,2026-05-01,31.5,0.986,42.97766129032259,36.04120000888516,22.40567846553339,46.606002401692876,14.316461543581156,60.24136522720214,4.541200008885163,18,,-11.477661290322587,11.477661290322587
2026-04-13,M+2,2026-06-01,34.5,1.0696,17.364652777777778,22.426335573913867,15.043045957903153,25.84478914452241,13.118228877046471,34.70958535997052,-12.073664426086133,49,SELL,17.135347222222222,-17.135347222222222
2026-04-14,M+1,2026-05-01,30.5,0.9677,42.97766129032259,35.93833288395814,23.522826053249297,46.93837354259369,12.915675275692951,58.67765259771508,5.4383328839581395,17,,-12.477661290322587,12.477661290322587
2026-04-14,M+2,2026-06-01,33.5,1.0471,17.364652777777778,22.26328244448028,14.587928350696131,27.499624585935003,12.903739795632221,34.571072755193754,-11.236717555519721,48,SELL,16.135347222222222,-16.135347222222222
2026-04-15,M+1,2026-05-01,30.5,1.0201,42.97766129032259,36.233453178960076,22.8221397081806,48.68638337994165,15.757780905524795,59.43330501052057,5.733453178960076,16,,-12.477661290322587,12.477661290322587
2026-04-15,M+2,2026-06-01,33.25,1.1194,17.364652777777778,22.78815948418392,15.397379868215006,25.667305991333915,13.262360161497892,37.212609464957296,-10.461840515816078,47,SELL,15.885347222222222,-15.885347222222222
2026-04-16,M+1,2026-05-01,30.5,1.0052,42.97766129032259,36.14939116142719,23.999800718872756,46.716028849193535,15.289760732801627,59.26048616286916,5.6493911614271894,15,,-12.477661290322587,12.477661290322587
2026-04-16,M+2,2026-06-01,33.25,1.1143,17.364652777777778,22.751028977014958,15.371166423089836,26.76146463025784,13.258576010647868,38.020551953027386,-10.498971022985042,46,SELL,15.885347222222222,-15.885347222222222
2026-04-17,M+1,2026-05-01,29.75,1.0444,42.97766129032259,36.370879540585655,22.733150928051433,46.29879502428348,15.598207656445997,59.902871815432846,6.620879540585655,14,,-13.227661290322587,13.227661290322587
2026-04-17,M+2,2026-06-01,33.25,1.1533,17.364652777777778,23.03548661012173,15.523962672471143,27.344671648388335,13.256316017902673,37.125162737493774,-10.21451338987827,45,SELL,15.885347222222222,-15.885347222222222
2026-04-20,M+1,2026-05-01,29.75,1.1367,42.97766129032259,36.89644601207433,23.039317821283646,48.717660877516934,16.543590956065387,58.830250161322695,7.146446012074328,11,,-13.227661290322587,13.227661290322587
2026-04-20,M+2,2026-06-01,33.25,1.2565,17.364652777777778,23.792401683357795,16.683449987445435,27.382699959129383,14.764545218256805,35.773214444564715,-9.457598316642205,42,SELL,15.885347222222222,-15.885347222222222
2026-04-21,M+1,2026-05-01,31.25,1.1157,42.97766129032259,36.776435398359034,23.729572192429508,47.06928926247979,16.631192446949647,60.674170462715594,5.526435398359034,10,,-11.727661290322587,11.727661290322587
2026-04-21,M+2,2026-06-01,33.5,1.2441,17.364652777777778,23.70114535464563,15.869199214773719,27.43618371386689,14.25759687365271,37.42786594509301,-9.798854645354371,41,SELL,16.135347222222222,-16.135347222222222
2026-04-22,M+1,2026-05-01,31.25,1.0915,42.97766129032259,36.63847556800188,24.27981105315463,48.19313887704348,15.131319455251784,57.92799753458,5.38847556800188,9,,-11.727661290322587,11.727661290322587
2026-04-22,M+2,2026-06-01,33.5,1.2128,17.364652777777778,23.471126769336102,16.35946532960157,27.164861947246784,14.5803823870421,36.77879463539815,-10.028873230663898,40,SELL,16.135347222222222,-16.135347222222222
2026-04-23,M+1,2026-05-01,31.25,1.057,42.97766129032259,36.442339882772465,22.391244001163933,47.81094262501564,15.513592162715396,62.67070227113817,5.192339882772465,8,,-11.727661290322587,11.727661290322587
2026-04-23,M+2,2026-06-01,33.5,1.158,17.364652777777778,23.06982895648458,14.608462580486604,27.527533859831156,13.062148308969105,36.895544902877816,-10.430171043515418,39,SELL,16.135347222222222,-16.135347222222222
2026-04-24,M+1,2026-05-01,31.75,1.0277,42.97766129032259,36.27637999517567,23.85040396932814,47.07196487766761,15.789422250387119,59.38289858743551,4.526379995175667,7,,-11.227661290322587,11.227661290322587
2026-04-24,M+2,2026-06-01,33.75,1.1296,17.364652777777778,22.862481739914738,15.05846163447347,26.448147971144884,13.201302662446171,38.12279420386074,-10.887518260085262,38,SELL,16.385347222222222,-16.385347222222222
2026-04-27,M+1,2026-05-01,30.5,1.0443,42.97766129032259,36.370312930370595,23.242086736836082,48.49881763030173,14.619232344350745,58.063745951489615,5.870312930370595,4,,-12.477661290322587,12.477661290322587
2026-04-27,M+2,2026-06-01,34.0,1.1348,17.364652777777778,22.90041399822471,15.085688883096271,27.30702125941074,13.295632230978873,36.80907880574305,-11.09958600177529,35,SELL,16.635347222222222,-16.635347222222222
2026-04-28,M+1,2026-05-01,30.0,1.0347,42.97766129032259,36.31596600520984,23.72886962466893,46.95759563071728,16.233473524417242,57.341701302068095,6.315966005209837,3,,-12.977661290322587,12.977661290322587
2026-04-28,M+2,2026-06-01,34.0,1.1199,17.364652777777778,22.791801192517255,15.637339727911726,26.37409333587524,13.694610421630381,34.4546841483723,-11.208198807482745,34,SELL,16.635347222222222,-16.635347222222222
2026-04-29,M+1,2026-05-01,30.0,1.12,42.97766129032259,36.80098902032997,25.396690794247768,47.113981655575465,16.544713089903894,59.341263913932046,6.800989020329972,2,,-12.977661290322587,12.977661290322587
2026-04-29,M+2,2026-06-01,34.5,1.1901,17.364652777777778,23.304710879696415,15.294814637619082,27.74077781569722,13.354302515531591,38.45690412437492,-11.195289120303585,33,SELL,17.135347222222222,-17.135347222222222
2026-04-30,M+1,2026-05-01,31.0,1.21,42.97766129032259,37.31762219749433,25.582485590924545,46.21850264120723,17.764368359491375,64.77050908195933,6.31762219749433,1,,-11.977661290322587,11.977661290322587
2026-04-30,M+2,2026-06-01,34.75,1.2874,17.364652777777778,24.01999856443123,16.12048014187656,27.779533956789532,14.830150159770891,35.52190519793334,-10.73000143556877,32,SELL,17.385347222222222,-17.385347222222222
2026-05-01,M+1,2026-06-01,35.0,1.3585,17.364652777777778,24.54544014380992,17.02498766935201,28.249508268215394,15.33333649002526,37.056975031222294,-10.45455985619008,31,SELL,17.635347222222222,-17.635347222222222
2026-05-01,M+2,2026-07-01,41.25,1.3782,31.26462365591398,21.405832531993124,17.119972081007283,23.7493310627671,16.173557917983988,30.00444460650788,-19.844167468006876,61,SELL,9.98537634408602,-9.98537634408602
2026-05-04,M+1,2026-06-01,36.0,1.4397,17.364652777777778,25.148515427473274,17.42617855232111,29.29178739010726,15.259845250207524,38.304682161939816,-10.851484572526726,28,SELL,18.635347222222222,-18.635347222222222
2026-05-04,M+2,2026-07-01,42.25,1.4701,31.26462365591398,22.139448280228123,18.408437159261165,24.82876167570991,17.491922834920494,29.35656582836073,-20.110551719771877,58,SELL,10.98537634408602,-10.98537634408602
2026-05-05,M+1,2026-06-01,37.0,1.6457,17.364652777777778,26.69193056346401,19.42134178691523,30.551502647393143,17.313917533727686,41.193546597251164,-10.308069436535991,27,SELL,19.635347222222222,-19.635347222222222
2026-05-05,M+2,2026-07-01,43.25,1.6493,31.26462365591398,23.582943613651235,19.387805803349874,26.302573814873863,18.232059600240184,30.22467464386711,-19.667056386348765,57,SELL,11.98537634408602,-11.98537634408602
2026-05-06,M+1,2026-06-01,37.0,1.5045,17.364652777777778,25.631982314161714,18.47012766400235,28.487102021816693,16.39566372046712,40.52935933444452,-11.368017685838286,26,SELL,19.635347222222222,-19.635347222222222
2026-05-06,M+2,2026-07-01,43.25,1.5039,31.26462365591398,22.41049805071021,18.253308893838273,24.64488469044581,16.988944861837137,30.816933096514045,-20.83950194928979,56,SELL,11.98537634408602,-11.98537634408602
2026-05-07,M+1,2026-06-01,37.0,1.4289,17.364652777777778,25.06813795820494,17.72298151909238,27.749572420913957,16.24054685167225,38.43096651095685,-11.93186204179506,25,SELL,19.635347222222222,-19.635347222222222
2026-05-07,M+2,2026-07-01,43.25,1.4108,31.26462365591398,21.66545748550652,17.22343517837411,23.325549961791907,16.171879893098108,30.881060386727135,-21.58454251449348,55,SELL,11.98537634408602,-11.98537634408602
2026-05-08,M+1,2026-06-01,38.0,1.4207,17.364652777777778,25.0071508701271,17.362845474731444,28.500991583988288,15.921179495645275,39.530485750607035,-12.992849129872901,24,SELL,20.635347222222222,-20.635347222222222
2026-05-08,M+2,2026-07-01,43.95,1.4265,31.26462365591398,21.79072952093818,17.652599154022653,23.7407675690356,16.593653038336736,28.281106522638048,-22.159270479061824,54,SELL,12.685376344086023,-12.685376344086023
2026-05-11,M+1,2026-06-01,38.0,1.6116,17.364652777777778,26.435243774260293,19.338323185978613,31.017982250234247,17.25737183729217,40.24620325007191,-11.564756225739707,21,SELL,20.635347222222222,-20.635347222222222
2026-05-11,M+2,2026-07-01,44.0,1.6078,31.26462365591398,23.247196203599803,19.54306323280216,25.489911655004455,18.512031522672274,31.492534872088633,-20.752803796400197,51,SELL,12.73537634408602,-12.73537634408602
2026-05-12,M+1,2026-06-01,37.25,1.4835,17.364652777777778,25.475036645349455,17.77457246860083,28.84641874270168,16.304612859134277,35.699835886280376,-11.774963354650545,20,SELL,19.885347222222222,-19.885347222222222
2026-05-12,M+2,2026-07-01,43.5,1.5234,31.26462365591398,22.56711500656446,18.575664228642196,24.980215534789743,17.61824924084221,31.009906218404147,-20.93288499343554,50,SELL,12.23537634408602,-12.23537634408602
2026-05-13,M+1,2026-06-01,36.75,1.4424,17.364652777777778,25.168619754569274,17.133845531981567,28.82097585902688,15.50678960812886,38.780414071559676,-11.581380245430726,19,SELL,19.385347222222222,-19.385347222222222
2026-05-13,M+2,2026-07-01,43.5,1.4771,31.26462365591398,22.195530171619517,18.404262080046745,24.337677806342825,17.20762759700257,30.240458231868296,-21.304469828380483,49,SELL,12.23537634408602,-12.23537634408602
2026-05-14,M+1,2026-06-01,36.75,1.4292,17.364652777777778,25.070370008204947,16.914438636961748,28.044031067883388,15.239567187500295,39.696451153463265,-11.679629991795053,18,SELL,19.385347222222222,-19.385347222222222
2026-05-14,M+2,2026-07-01,43.0,1.4678,31.26462365591398,22.121029013043895,18.36942028029336,24.703364964286795,17.346409954810536,30.032750467747068,-20.878970986956105,48,SELL,11.73537634408602,-11.73537634408602
2026-05-15,M+1,2026-06-01,36.75,1.538,17.364652777777778,25.88274842977974,18.646420237616162,28.949824297613,17.0183789704601,37.49688929288295,-10.867251570220262,17,SELL,19.385347222222222,-19.385347222222222
2026-05-15,M+2,2026-07-01,43.0,1.558,31.26462365591398,22.845511400675225,19.194831071600124,24.44967084287601,17.90256695672582,30.066667289204347,-20.154488599324775,47,SELL,11.73537634408602,-11.73537634408602
2026-05-18,M+1,2026-06-01,36.75,1.5503,17.364652777777778,25.97495465132298,19.243966878968898,29.47392251474364,17.115607610087736,38.206298566691295,-10.775045348677018,14,SELL,19.385347222222222,-19.385347222222222
2026-05-18,M+2,2026-07-01,43.0,1.5848,31.26462365591398,23.061530684084694,19.24366405713279,25.408227725700073,18.11830193319247,30.48265905087194,-19.938469315915306,44,SELL,11.73537634408602,-11.73537634408602
2026-05-19,M+1,2026-06-01,35.25,1.6173,17.364652777777778,26.4781013613484,19.343582493997083,30.78886449297729,17.387656170707384,38.90476679563605,-8.7718986386516,13,SELL,17.885347222222222,-17.885347222222222
2026-05-19,M+2,2026-07-01,43.0,1.6358,31.26462365591398,23.473622467623706,19.636216641052933,25.851420090852436,18.401474147063144,31.17475514243284,-19.526377532376294,43,SELL,11.73537634408602,-11.73537634408602
2026-05-20,M+1,2026-06-01,35.1,1.6172,17.364652777777778,26.477349394681738,18.758393458319553,30.53319531321155,17.177644420504713,39.92492117240222,-8.622650605318263,12,SELL,17.735347222222224,-17.735347222222224
2026-05-20,M+2,2026-07-01,43.0,1.6387,31.26462365591398,23.497101163860265,19.47719261820322,25.817324382632982,18.44282617908085,30.93804974989899,-19.502898836139735,42,SELL,11.73537634408602,-11.73537634408602
2026-05-21,M+1,2026-06-01,36.0,1.5931,17.364652777777778,26.29621191829183,19.25957536028413,30.174263586788776,17.284811150331873,40.241922697248526,-9.703788081708169,11,SELL,18.635347222222222,-18.635347222222222
2026-05-21,M+2,2026-07-01,43.0,1.6187,31.26462365591398,23.33526960429581,19.587181914197433,25.18289597500617,18.615360849976465,30.843197998164783,-19.66473039570419,41,SELL,11.73537634408602,-11.73537634408602
2026-05-22,M+1,2026-06-01,36.0,1.5966,17.364652777777778,26.32250241004844,18.408820031164314,29.745519109508834,16.79560858973262,38.871053808985664,-9.67749758995156,10,SELL,18.635347222222222,-18.635347222222222
2026-05-22,M+2,2026-07-01,43.0,1.6372,31.26462365591398,23.48495701063446,19.632970131222244,26.288006686509362,18.800877390130132,30.046025235561814,-19.51504298936554,40,SELL,11.73537634408602,-11.73537634408602
2026-05-25,M+1,2026-06-01,36.0,1.5966,17.364652777777778,26.32250241004844,19.51855256082169,29.40498714266513,18.104077679683485,38.628898768633725,-9.67749758995156,7,SELL,18.635347222222222,-18.635347222222222
2026-05-25,M+2,2026-07-01,43.0,1.6372,31.26462365591398,23.48495701063446,19.727133749286136,25.038060825989106,18.625560606187932,29.950006340866928,-19.51504298936554,37,SELL,11.73537634408602,-11.73537634408602
2026-05-26,M+1,2026-06-01,36.75,1.6256,17.364652777777778,26.540541068642966,18.689641459338645,29.39838089452178,17.227457283531404,40.89852861597437,-10.209458931357034,6,SELL,19.385347222222222,-19.385347222222222
2026-05-26,M+2,2026-07-01,45.0,1.6464,31.26462365591398,23.559454680541126,19.47848328689193,25.80643012156102,18.48042495892489,31.2782798543355,-21.440545319458874,36,SELL,13.73537634408602,-13.73537634408602
2026-05-27,M+1,2026-06-01,38.75,1.6757,17.364652777777778,26.918207514909408,19.16157971017688,30.914721087262933,17.48433393084249,43.386150977606356,-11.831792485090592,5,SELL,21.385347222222222,-21.385347222222222
2026-05-27,M+2,2026-07-01,46.0,1.701,31.26462365591398,24.0022347526436,19.745830634609348,26.429037714690022,18.83585506794517,31.843000757127506,-21.9977652473564,35,SELL,14.73537634408602,-14.73537634408602
2026-05-28,M+1,2026-06-01,39.25,1.79,17.364652777777778,27.784161277601864,20.82327639289357,30.26368338859069,18.905028212712416,40.42002875251157,-11.465838722398136,4,SELL,21.885347222222222,-21.885347222222222
2026-05-28,M+2,2026-07-01,47.25,1.8052,31.26462365591398,24.851033866595113,21.143459769680362,27.18332720096128,19.97496144657184,32.29511552116523,-22.398966133404887,34,SELL,15.98537634408602,-15.98537634408602
2026-05-29,M+1,2026-06-01,40.0,1.858,17.364652777777778,28.302486412607916,21.710178941548715,31.84515189845873,19.94001867145097,40.54349521494528,-11.697513587392084,3,SELL,22.635347222222222,-22.635347222222222
2026-05-29,M+2,2026-07-01,47.25,1.8779,31.26462365591398,25.44545718252595,21.612752130212357,27.647221351419997,20.614575817065223,31.62166305552604,-21.80454281747405,33,SELL,15.98537634408602,-15.98537634408602
2026-06-01,M+1,2026-07-01,47.25,1.8079,31.26462365591398,24.873080388492767,20.713632056485125,27.471556835950782,19.95560799823684,31.566834171921755,-22.376919611507233,30,SELL,15.98537634408602,-15.98537634408602
2026-06-01,M+2,2026-08-01,50.25,1.8122,45.71189516129032,34.17898488922571,21.01354833768046,41.9375777774493,17.06383080668207,57.57138065680788,-16.07101511077429,61,SELL,4.538104838709678,-4.538104838709678
2026-06-02,M+1,2026-07-01,47.25,1.726,31.26462365591398,24.20550142967106,20.0103536357519,25.56952422024603,18.842650577725745,32.2476775438144,-23.04449857032894,29,SELL,15.98537634408602,-15.98537634408602
2026-06-02,M+2,2026-08-01,50.25,1.7358,45.71189516129032,33.670866504468265,19.88381752068548,42.524435464868304,15.997467315857236,59.24278514503482,-16.579133495531735,60,SELL,4.538104838709678,-4.538104838709678
2026-06-03,M+1,2026-07-01,47.0,1.7606,31.26462365591398,24.48724070205434,20.474078342193856,26.445542543398275,19.136844481380038,32.39352276447803,-22.51275929794566,28,SELL,15.73537634408602,-15.73537634408602
2026-06-03,M+2,2026-08-01,50.5,1.7603,45.71189516129032,33.83346486306503,20.973349729509515,41.56314326473728,17.324670826053143,56.375244517460196,-16.666535136934968,59,SELL,4.788104838709678,-4.788104838709678
2026-06-04,M+1,2026-07-01,45.75,1.8169,31.26462365591398,24.94658529201523,21.51251812156179,26.79952309074106,20.42440799833646,31.661863821100468,-20.80341470798477,27,SELL,14.48537634408602,-14.48537634408602
2026-06-04,M+2,2026-08-01,50.25,1.8257,45.71189516129032,34.2690922476527,21.469140899376576,40.70033962716096,16.46152881709798,58.20446276043866,-15.9809077523473,58,SELL,4.538104838709678,-4.538104838709678
2026-06-05,M+1,2026-07-01,45.75,1.7765,31.26462365591398,24.61685129825059,20.535890812162933,27.361836031121147,19.71849006384263,32.81070897188319,-21.13314870174941,26,SELL,14.48537634408602,-14.48537634408602
2026-06-05,M+2,2026-08-01,50.25,1.7961,45.71189516129032,34.07164166107779,22.258758987675332,40.42541615582053,17.986735877583005,55.4842995815323,-16.17835833892221,57,SELL,4.538104838709678,-4.538104838709678
2026-06-08,M+1,2026-07-01,45.5,1.7417,31.26462365591398,24.333275191734504,20.50072671474164,26.98760387229393,19.427159259444345,30.979534741228264,-21.166724808265496,23,SELL,14.23537634408602,-14.23537634408602
2026-06-08,M+2,2026-08-01,49.75,1.7578,45.71189516129032,33.8168624124866,19.531257336004895,42.29484997742316,16.1403523109397,61.45214617815315,-15.9331375875134,54,SELL,4.038104838709678,-4.038104838709678
2026-06-09,M+1,2026-07-01,45.25,1.6696,31.26462365591398,23.747441814517444,20.40693244293346,26.158890308180993,19.106663887524086,30.273953846946135,-21.502558185482556,22,SELL,13.98537634408602,-13.98537634408602
2026-06-09,M+2,2026-08-01,49.5,1.6737,45.71189516129032,33.26023392992529,19.538008768234313,40.91455720531305,16.21367306970565,57.24771011468872,-16.239766070074708,53,SELL,3.7881048387096783,-3.7881048387096783
2026-06-10,M+1,2026-07-01,45.25,1.6548,31.26462365591398,23.627501484766206,19.55557710961305,26.14321508171428,18.547604900809393,30.2368034212605,-21.622498515233794,21,SELL,13.98537634408602,-13.98537634408602
2026-06-10,M+2,2026-08-01,49.5,1.6619,45.71189516129032,33.18247114900832,20.866257733112114,41.69856466648365,15.792291782549153,57.831716569868746,-16.31752885099168,52,SELL,3.7881048387096783,-3.7881048387096783
2026-06-11,M+1,2026-07-01,45.5,1.6297,31.26462365591398,23.424247478220213,19.09201530505186,25.872736458694668,18.094485613151978,31.0235224469386,-22.075752521779787,20,SELL,14.23537634408602,-14.23537634408602
2026-06-11,M+2,2026-08-01,49.75,1.636,45.71189516129032,33.01211700813101,19.41013215641312,41.10869906975881,15.632082464669379,55.14510413452139,-16.737882991868993,51,SELL,4.038104838709678,-4.038104838709678
2026-06-12,M+1,2026-07-01,44.5,1.6461,31.26462365591398,23.557024978928226,19.60806177584965,25.826904934874918,18.572385791887072,31.864374090088468,-20.942975021071774,19,SELL,13.23537634408602,-13.23537634408602
2026-06-12,M+2,2026-08-01,49.75,1.6591,45.71189516129032,33.1640347640156,20.545605519304004,44.406905361722806,15.594941899416462,57.796773435908136,-16.585965235984403,50,SELL,4.038104838709678,-4.038104838709678
2026-06-15,M+1,2026-07-01,45.05,1.7513,31.26462365591398,24.411458512832713,20.792816895663982,26.503621814377283,19.820288735911998,31.310166225738605,-20.638541487167284,16,SELL,13.785376344086018,-13.785376344086018
2026-06-15,M+2,2026-08-01,49.75,1.7788,45.71189516129032,33.95643104584897,21.69015329345079,41.37124468692344,16.917248497917196,59.618548763121055,-15.793568954151027,47,SELL,4.038104838709678,-4.038104838709678
2026-06-16,M+1,2026-07-01,45.75,1.7164,31.26462365591398,24.12741667705908,20.225376658539325,25.70213538321994,19.34696223477432,31.66094024084806,-21.62258332294092,15,SELL,14.48537634408602,-14.48537634408602
2026-06-16,M+2,2026-08-01,49.75,1.7438,45.71189516129032,33.72394145384405,21.85781988697164,40.952580741856984,17.480056453749356,55.115700196125644,-16.02605854615595,46,SELL,4.038104838709678,-4.038104838709678
2026-06-17,M+1,2026-07-01,45.75,1.6623,31.26462365591398,23.6882746843164,19.449866009012,26.29115575841043,18.57416593741427,29.823629759776274,-22.0617253156836,14,SELL,14.48537634408602,-14.48537634408602
2026-06-17,M+2,2026-08-01,49.75,1.6896,45.71189516129032,33.36514134924136,20.9115208442284,39.04196473730581,16.54448347257967,55.59803358025476,-16.384858650758638,45,SELL,4.038104838709678,-4.038104838709678
2026-06-18,M+1,2026-07-01,45.5,1.6775,31.26462365591398,23.811498485353997,20.239391153468983,26.020606736563796,19.059439308404258,30.860753349166348,-21.688501514646003,13,SELL,14.23537634408602,-14.23537634408602
2026-06-18,M+2,2026-08-01,49.5,1.7175,45.71189516129032,33.54960277882949,21.75831145547008,40.06932659526885,16.5046605809181,58.90644082730081,-15.950397221170512,44,SELL,3.7881048387096783,-3.7881048387096783
2026-06-19,M+1,2026-07-01,45.5,1.6775,31.26462365591398,23.811498485353997,20.12783024838263,26.128368045257865,18.901771315069407,30.566690988061595,-21.688501514646003,12,SELL,14.23537634408602,-14.23537634408602
2026-06-19,M+2,2026-08-01,49.5,1.7175,45.71189516129032,33.54960277882949,20.770625637242397,42.148542385288486,15.975862205741926,57.51022966396011,-15.950397221170512,43,SELL,3.7881048387096783,-3.7881048387096783
2026-06-22,M+1,2026-07-01,43.75,1.6102,31.26462365591398,23.26658239385527,19.371470829572267,25.34932253578785,18.187503125729673,30.214084052474004,-20.48341760614473,9,SELL,12.48537634408602,-12.48537634408602
2026-06-22,M+2,2026-08-01,49.25,1.654,45.71189516129032,33.130469581247375,19.442699544755094,43.9687156329765,15.011633573610835,55.60844208893121,-16.119530418752625,40,SELL,3.5381048387096783,-3.5381048387096783
2026-06-23,M+1,2026-07-01,40.25,1.5292,31.26462365591398,22.613735597626462,18.31425019706091,25.103954029073407,17.516887758758788,30.37150364954206,-17.636264402373538,8,SELL,8.98537634408602,-8.98537634408602
2026-06-23,M+2,2026-08-01,47.25,1.5775,45.71189516129032,32.628749963483116,20.38724076869838,41.214982471195704,16.533974796705714,55.91586582308739,-14.621250036516884,39,SELL,1.5381048387096783,-1.5381048387096783
2026-06-24,M+1,2026-07-01,40.75,1.5238,31.26462365591398,22.570329350650482,18.618760972104013,24.7374569541936,17.516196190849858,31.155172277174344,-18.179670649349518,7,SELL,9.48537634408602,-9.48537634408602
2026-06-24,M+2,2026-08-01,47.25,1.5826,45.71189516129032,32.66210810846011,19.926948007118106,40.2778780708953,15.083148671727017,59.25542505479204,-14.58789189153989,38,SELL,1.5381048387096783,-1.5381048387096783
2026-06-25,M+1,2026-07-01,41.75,1.5249,31.26462365591398,22.57916930490731,18.63974666812414,25.16500435184505,17.498696197475603,29.789812367965617,-19.17083069509269,6,SELL,10.48537634408602,-10.48537634408602
2026-06-25,M+2,2026-08-01,47.5,1.5645,45.71189516129032,32.543802322340134,20.247006742414516,39.373858435100324,16.240858956828927,58.24421095238127,-14.956197677659866,37,SELL,1.7881048387096783,-1.7881048387096783
2026-06-26,M+1,2026-07-01,40.0,1.5854,31.26462365591398,23.06637136150404,18.95842151943664,25.224385224827017,17.707981582627678,30.29092863230789,-16.93362863849596,5,SELL,8.73537634408602,-8.73537634408602
2026-06-26,M+2,2026-08-01,47.25,1.5799,45.71189516129032,32.644446042148694,20.26215777396124,41.23618248851673,14.576493879744662,59.89976265210015,-14.605553957851306,36,SELL,1.5381048387096783,-1.5381048387096783
2026-06-29,M+1,2026-07-01,39.5,1.5069,31.26462365591398,22.434586194330045,18.384863694456474,24.81722956636646,17.26198354628384,29.50715800450517,-17.065413805669955,2,SELL,8.23537634408602,-8.23537634408602
2026-06-29,M+2,2026-08-01,47.0,1.4954,45.71189516129032,32.09376820188881,19.085518767036312,39.09885588228147,14.384335242531064,57.165791700535706,-14.906231798111193,33,SELL,1.2881048387096783,-1.2881048387096783
2026-06-30,M+1,2026-07-01,38.5,1.45,31.26462365591398,21.97855430478285,17.892289179150545,24.075954668475656,16.730593352138268,29.62521282470522,-16.52144569521715,1,SELL,7.235376344086021,-7.235376344086021
2026-06-30,M+2,2026-08-01,47.0,1.4507,45.71189516129032,31.80420240223832,18.08685044887057,40.2110665947522,13.621219653062518,58.30375238049546,-15.195797597761679,32,SELL,1.2881048387096783,-1.2881048387096783
2026-07-01,M+1,2026-08-01,47.0,1.3593,45.71189516129032,31.21567904355837,19.84925185099088,39.095709337156336,13.336505167551387,54.61054687874684,-15.78432095644163,31,SELL,1.2881048387096783,-1.2881048387096783
2026-07-01,M+2,2026-09-01,43.75,1.3732,29.369074074074074,31.14086196242363,19.946735425497998,37.61357902675597,15.407221666747015,53.62724196230317,-12.609138037576368,62,SELL,14.380925925925926,-14.380925925925926
2026-07-02,M+1,2026-08-01,47.0,1.3958,45.71189516129032,31.450087636441022,19.17578334945856,40.13192755079322,13.369054309293595,53.38898522380908,-15.549912363558978,30,SELL,1.2881048387096783,-1.2881048387096783
2026-07-02,M+2,2026-09-01,43.75,1.4052,29.369074074074074,31.34443585216205,20.11153741810609,38.380824939961016,14.978813505112155,52.882478718959206,-12.40556414783795,61,SELL,14.380925925925926,-14.380925925925926
2026-07-03,M+1,2026-08-01,47.0,1.3958,45.71189516129032,31.450087636441022,18.31466298194178,39.036395832326285,14.942329064137157,53.13103433056328,-15.549912363558978,29,SELL,1.2881048387096783,-1.2881048387096783
2026-07-03,M+2,2026-09-01,43.75,1.4052,29.369074074074074,31.34443585216205,20.303256753346172,39.20389848158288,15.280252029998781,49.39694158688578,-12.40556414783795,60,SELL,14.380925925925926,-14.380925925925926
2026-07-06,M+1,2026-08-01,47.0,1.4331,45.71189516129032,31.690444533413192,20.121628707131823,38.987632100303145,15.007396540176243,57.42778331286737,-15.309555466586808,26,SELL,1.2881048387096783,-1.2881048387096783
2026-07-06,M+2,2026-09-01,43.75,1.4358,29.369074074074074,31.53967507079938,19.42782213034079,39.23955739787884,14.883836372652402,52.71548866890207,-12.21032492920062,57,SELL,14.380925925925926,-14.380925925925926
2026-07-07,M+1,2026-08-01,47.0,1.51,45.71189516129032,32.188633601988315,19.91077724216603,38.85947388044331,14.963348707083963,52.56785409363718,-14.811366398011685,25,SELL,1.2881048387096783,-1.2881048387096783
2026-07-07,M+2,2026-09-01,43.75,1.5102,29.369074074074074,32.016249566535876,22.630265860698813,38.51392988164023,16.80634047302402,50.89459468473582,-11.733750433464124,56,SELL,14.380925925925926,-14.380925925925926
2026-07-08,M+1,2026-08-01,46.25,1.5104,45.71189516129032,32.191233913816276,20.401954424714937,39.939305834037164,15.278334640194368,55.96212231538695,-14.058766086183724,24,SELL,0.5381048387096783,-0.5381048387096783
2026-07-08,M+2,2026-09-01,43.75,1.5117,29.369074074074074,32.02587432910179,20.470160916794942,40.64824878846774,16.478015386215816,53.39940385523476,-11.72412567089821,55,SELL,14.380925925925926,-14.380925925925926
2026-07-09,M+1,2026-08-01,46.0,1.4552,45.71189516129032,31.833315322320647,17.751233544442016,38.88041030294978,13.909775233224588,57.284193166721714,-14.166684677679353,23,SELL,0.2881048387096783,-0.2881048387096783
2026-07-09,M+2,2026-09-01,43.45,1.4628,29.369074074074074,31.712379352465597,19.41472822755407,39.769019073180644,15.628100690256497,54.50314111968531,-11.737620647534406,54,SELL,14.080925925925929,-14.080925925925929
2026-07-10,M+1,2026-08-01,46.0,1.4137,45.71189516129032,31.565321751568803,18.95723474400351,38.818202482207,13.90942149222988,55.820261850676516,-14.434678248431197,22,SELL,0.2881048387096783,-0.2881048387096783
2026-07-10,M+2,2026-09-01,43.45,1.4234,29.369074074074074,31.46047514088237,19.983989699350637,39.50366034796984,16.170928447437873,51.78414974473617,-11.989524859117633,53,SELL,14.080925925925929,-14.080925925925929
2026-07-13,M+1,2026-08-01,43.5,1.4622,45.71189516129032,31.878607598596165,19.23578995025238,39.53520839977173,15.289107178702201,54.29396793945747,-11.621392401403835,19,SELL,-2.2118951612903217,2.2118951612903217
2026-07-13,M+2,2026-09-01,42.75,1.4721,29.369074074074074,31.771962719994097,19.82904908315219,40.32538435431302,14.718541974378255,52.954810174792044,-10.978037280005903,50,SELL,13.380925925925926,-13.380925925925926
2026-07-14,M+1,2026-08-01,44.0,1.5255,45.71189516129032,32.2894767955604,20.70397287025007,39.8767554002672,16.275621792937457,54.92933695756494,-11.710523204439603,18,SELL,-1.7118951612903217,1.7118951612903217
2026-07-14,M+2,2026-09-01,43.0,1.5331,29.369074074074074,32.16335764127015,20.004125122521817,39.01763526744881,15.019495362660862,54.444209969912876,-10.836642358729847,49,SELL,13.630925925925926,-13.630925925925926
2026-07-15,M+1,2026-08-01,44.5,1.5536,45.71189516129032,32.4726449850125,19.110178926342474,42.37719866097784,14.744572374592218,58.402102811030474,-12.0273550149875,17,SELL,-1.2118951612903217,1.2118951612903217
2026-07-15,M+2,2026-09-01,43.5,1.5605,29.369074074074074,32.33964944657307,21.647741969951433,40.54041204776735,17.20926930676303,51.17743483288912,-11.16035055342693,48,SELL,14.130925925925926,-14.130925925925926
2026-07-16,M+1,2026-08-01,44.5,1.4562,45.71189516129032,31.83978561801957,18.604549842462422,41.01331713730742,14.767746430135027,54.81925175015642,-12.660214381980431,16,SELL,-1.2118951612903217,1.2118951612903217
2026-07-16,M+2,2026-09-01,43.75,1.4641,29.369074074074074,31.720704119132268,19.862230228262415,38.287861956943516,15.667983107063684,52.28158783348106,-12.029295880867732,47,SELL,14.380925925925926,-14.380925925925926
2026-07-17,M+1,2026-08-01,46.5,1.4519,45.71189516129032,31.81196369374553,18.079502415585853,39.27399739311336,15.074650414039947,58.64893371004411,-14.688036306254471,15,SELL,0.7881048387096783,-0.7881048387096783
2026-07-17,M+2,2026-09-01,45.0,1.4575,29.369074074074074,31.67844716250909,18.904406146021543,40.28150897692015,15.196535477113368,53.85540349449864,-13.32155283749091,46,SELL,15.630925925925926,-15.630925925925926
2026-07-20,M+1,2026-08-01,46.5,1.4602,45.71189516129032,31.865666800815276,19.2779536293028,39.08779007375337,14.378731202574915,56.770054694299034,-14.634333199184724,12,SELL,0.7881048387096783,-0.7881048387096783
2026-07-20,M+2,2026-09-01,45.5,1.48,29.369074074074074,31.822606816317926,20.732892893104395,39.11846083093077,16.298767742345415,52.13233285792841,-13.677393183682074,43,SELL,16.130925925925926,-16.130925925925926
2026-07-21,M+1,2026-08-01,45.0,1.4899,45.71189516129032,32.058071943676836,19.665614868487317,41.04243671375259,15.877657621498681,55.8574202857726,-12.941928056323164,11,SELL,-0.7118951612903217,0.7118951612903217
2026-07-21,M+2,2026-09-01,45.0,1.511,29.369074074074074,32.02138231243512,19.598869324285992,40.971115739995945,15.408813599334275,56.80387681714567,-12.978617687564878,42,SELL,15.630925925925926,-15.630925925925926
2026-07-22,M+1,2026-08-01,45.0,1.576,45.71189516129032,32.61894239342876,20.567466595223532,41.57180289602807,15.523694901284191,55.4281451307382,-12.38105760657124,10,SELL,-0.7118951612903217,0.7118951612903217
2026-07-22,M+2,2026-09-01,45.0,1.591,29.369074074074074,32.53639460329315,18.993060675231362,41.493451614498156,15.855879684019715,55.10098690694423,-12.463605396706853,41,SELL,15.630925925925926,-15.630925925925926
2026-07-23,M+1,2026-08-01,44.75,1.5596,45.71189516129032,32.51181077165804,20.94542661770824,39.35580432522812,15.894009534094815,55.90581528707907,-12.238189228341959,9,SELL,-0.9618951612903217,0.9618951612903217
2026-07-23,M+2,2026-09-01,44.75,1.576,29.369074074074074,32.43959061049456,22.682751029442358,40.45042917043443,17.029053046144373,51.01375844467708,-12.310409389505438,40,SELL,15.380925925925926,-15.380925925925926
2026-07-24,M+1,2026-08-01,44.75,1.5117,45.71189516129032,32.199685608462,19.79454815289115,39.70744857994925,14.501374515201137,54.99361655285111,-12.550314391538002,8,SELL,-0.9618951612903217,0.9618951612903217
2026-07-24,M+2,2026-09-01,44.75,1.5322,29.369074074074074,32.157571391270146,20.80554236618212,40.62291583759777,15.330369304069475,53.989272558483194,-12.592428608729854,39,SELL,15.380925925925926,-15.380925925925926
2026-07-27,M+1,2026-08-01,42.5,1.49,45.71189516129032,32.05872064260158,19.36778882599932,40.43016464666604,15.391971947461535,54.84868481138915,-10.441279357398422,5,SELL,-3.2118951612903217,3.2118951612903217
2026-07-27,M+2,2026-09-01,44.0,1.5026,29.369074074074074,31.967504435622676,20.766091058128925,39.72490471600864,16.93448354799157,51.34553244802307,-12.032495564377324,36,SELL,14.630925925925926,-14.630925925925926
2026-07-28,M+1,2026-08-01,42.0,1.4492,45.71189516129032,31.79450131352864,18.64868065073102,40.64720488534636,14.428160577888027,56.48919862449458,-10.205498686471358,4,SELL,-3.7118951612903217,3.7118951612903217
2026-07-28,M+2,2026-09-01,43.5,1.4605,29.369074074074074,31.69765274139041,18.7864575187944,38.19274704983134,14.178961204310266,53.57682034121477,-11.80234725860959,35,SELL,14.130925925925926,-14.130925925925926
2026-07-29,M+1,2026-08-01,41.5,1.4303,45.71189516129032,31.67236863768994,18.463335708708485,39.898894889950036,13.686968910998631,52.115799660036416,-9.827631362310061,3,SELL,-4.211895161290322,4.211895161290322
2026-07-29,M+2,2026-09-01,43.5,1.4401,29.369074074074074,31.567153193019127,20.323627146199023,40.18491050152657,15.57505728558083,51.42155109783787,-11.932846806980873,34,SELL,14.130925925925926,-14.130925925925926
2026-07-30,M+1,2026-08-01,41.5,1.46,45.71189516129032,31.864372741675485,19.094435887566345,40.523400732456984,14.615657639528063,56.60502230174227,-9.635627258324515,2,SELL,-4.211895161290322,4.211895161290322
2026-07-30,M+2,2026-09-01,43.5,1.4668,29.369074074074074,31.73799985511439,21.52562300356434,37.561336407761864,16.867179818283525,50.13449893923763,-11.762000144885612,33,SELL,14.130925925925926,-14.130925925925926
2026-07-31,M+1,2026-08-01,41.5,1.42,45.71189516129032,31.605917839284793,18.68772766088113,39.24044222126323,13.276332915583115,54.88246474730078,-9.894082160715207,1,SELL,-4.211895161290322,4.211895161290322
2026-07-31,M+2,2026-09-01,43.5,1.4008,29.369074074074074,31.316411415113773,20.168589434435987,40.289535746710456,14.313681717986027,51.35664168182952,-12.183588584886227,32,SELL,14.130925925925926,-14.130925925925926
2026-08-03,M+1,2026-09-01,43.5,1.3718,29.369074074074074,31.13196822909029,19.789203888445797,38.41765519047256,14.943520177337538,52.3999760865973,-12.36803177090971,29,SELL,14.130925925925926,-14.130925925925926
2026-08-04,M+1,2026-09-01,43.0,1.2468,29.369074074074074,30.341640506302618,19.415621069125056,36.804397304191845,14.458206441364403,53.15689439275522,-12.658359493697382,28,SELL,13.630925925925926,-13.630925925925926
2026-08-05,M+1,2026-09-01,40.5,1.2187,29.369074074074074,30.164890195717923,17.39712356784644,38.77290108941185,13.837719227739292,50.377592528748316,-10.335109804282077,27,SELL,11.130925925925926,-11.130925925925926
2026-08-06,M+1,2026-09-01,40.5,1.2294,29.369074074074074,30.232145674045267,18.813705558515892,39.96649171176516,13.47996958174761,52.3327232822651,-10.267854325954733,26,SELL,11.130925925925926,-11.130925925925926
2026-08-07,M+1,2026-09-01,40.25,1.2005,29.369074074074074,30.050668834150404,17.064491257778457,38.16286157187852,12.680080251436006,53.91716325069595,-10.199331165849596,25,SELL,10.880925925925926,-10.880925925925926
2026-08-10,M+1,2026-09-01,39.75,1.315,29.369074074074074,30.771787503445804,19.10509449873051,41.05934595522302,14.21051956667235,51.429238401465724,-8.978212496554196,22,,10.380925925925926,-10.380925925925926
2026-08-11,M+1,2026-09-01,39.5,1.3614,29.369074074074074,31.06591146085852,20.14530272277506,37.28108198922296,15.095820244937336,50.118421613909014,-8.43408853914148,21,SELL,10.130925925925926,-10.130925925925926
2026-08-12,M+1,2026-09-01,39.0,1.4004,29.369074074074074,31.313864048447112,20.254913337190864,38.257630779025945,14.158588721547007,52.29490625975804,-7.686135951552888,20,SELL,9.630925925925926,-9.630925925925926
2026-08-13,M+1,2026-09-01,39.0,1.3708,29.369074074074074,31.125615562423626,20.183504246505773,39.61273651590206,15.32227327182892,51.63227834904753,-7.874384437576374,19,,9.630925925925926,-9.630925925925926
2026-08-14,M+1,2026-09-01,39.5,1.3993,29.369074074074074,31.30685938872424,20.080202646560657,37.916779754646114,16.259712553829466,50.01984886750379,-8.193140611275759,18,SELL,10.130925925925926,-10.130925925925926
2026-08-17,M+1,2026-09-01,39.75,1.4401,29.369074074074074,31.567153193019127,20.97395058557817,39.49301049323926,16.067885929369695,49.94478417201569,-8.182846806980873,15,SELL,10.380925925925926,-10.380925925925926
2026-08-18,M+1,2026-09-01,40.25,1.4345,29.369074074074074,31.53136980413271,19.157207521114536,39.742126742014854,14.93214758706195,52.54525900738602,-8.718630195867291,14,SELL,10.880925925925926,-10.880925925925926
2026-08-19,M+1,2026-09-01,40.5,1.3606,29.369074074074074,31.06083112752518,19.6062609646146,37.616698982652785,15.342424921139962,51.669216559716126,-9.43916887247482,13,SELL,11.130925925925926,-11.130925925925926
2026-08-20,M+1,2026-09-01,40.0,1.2436,29.369074074074074,30.321496677448817,18.60679477179866,38.42563799271176,12.772915656790133,50.24666786276496,-9.678503322551183,12,SELL,10.630925925925926,-10.630925925925926
2026-08-21,M+1,2026-09-01,39.25,1.2398,29.369074074074074,30.297579045210746,18.23747601477398,37.370587751174206,14.447553828586315,52.420263202022554,-8.952420954789254,11,SELL,9.880925925925926,-9.880925925925926
2026-08-24,M+1,2026-09-01,39.25,1.1674,29.369074074074074,29.84327305635875,18.63717321629801,37.63712436349206,13.916195003899166,49.00612003483407,-9.40672694364125,8,SELL,9.880925925925926,-9.880925925925926
2026-08-25,M+1,2026-09-01,39.25,1.1596,29.369074074074074,29.79448513533867,17.62115288011468,38.155260492729774,12.79239736464039,50.672787683067924,-9.455514864661328,7,SELL,9.880925925925926,-9.880925925925926
2026-08-26,M+1,2026-09-01,39.0,1.0704,29.369074074074074,29.23932306750511,18.291957335553093,39.08840156004773,12.971223975681376,46.77999896428992,-9.760676932494889,6,,9.630925925925926,-9.630925925925926
2026-08-27,M+1,2026-09-01,39.0,1.0735,29.369074074074074,29.25854209604902,17.540552807677653,36.81746285371031,12.702991718747692,50.979681247950325,-9.74145790395098,5,SELL,9.630925925925926,-9.630925925925926
2026-08-28,M+1,2026-09-01,39.0,0.9854,29.369074074074074,28.71462722907153,17.53715004748817,35.46806245845168,13.758255766548416,48.387388394767484,-10.285372770928468,4,SELL,9.630925925925926,-9.630925925925926
2026-08-31,M+1,2026-09-01,39.0,1.01,29.369074074074074,28.865944674826498,16.8021372976983,37.02859738456924,12.119918845651863,49.16657548341894,-10.134055325173502,1,SELL,9.630925925925926,-9.630925925925926
