d,lead,ail,load_src,wind,wind_src,solar,gas_av,gas_src,adder,imports,cush,p10,p90
2026-10-01,0,10146.0,ens,1711.4,ens,423.6,10016.9,gencap,101.2,-38.4,2185.6,1664.3,2693.8
2026-10-02,1,10170.0,ens,1833.8,ens,421.5,10372.0,gencap,101.2,-150.5,2525.3,2007.6,3043.1
2026-10-03,2,10155.0,ens,1917.6,ens,395.0,10484.7,gencap,212.9,-187.4,2668.1,2045.5,3312.9
2026-10-04,3,10144.0,ens,1866.1,ens,379.0,10263.1,gencap,307.0,-124.5,2449.9,1837.1,3102.7
2026-10-05,4,10150.0,ens,1902.8,ens,438.4,9807.5,gencap,386.4,-57.1,2164.0,1531.8,2809.7
2026-10-06,5,10153.0,ens,1901.7,ens,440.5,9568.1,gencap,454.4,0.6,1981.2,1256.8,2739.1
2026-10-07,6,10163.0,ens,1905.4,ens,453.6,9254.6,gencap,513.4,76.7,1754.9,1090.5,2391.4
2026-10-08,7,10176.0,ens,1894.9,ens,433.2,9361.0,gencap,565.2,46.9,1779.6,994.0,2581.9
2026-10-09,8,10202.0,ens,1916.9,ens,421.8,10231.0,gencap,611.1,-143.0,2440.3,1649.2,3253.4
2026-10-10,9,10217.0,ens,1915.1,ens,346.5,10614.7,gencap,652.3,-197.1,2701.6,1764.1,3535.8
2026-10-11,10,10232.0,ens,2469.0,clim,312.4,10701.6,gencap,689.4,-325.6,3137.5,2148.1,3910.8
2026-10-12,11,10258.0,ens,1759.4,clim,413.9,10667.2,gencap,723.0,-167.0,2621.2,1664.0,3642.1
2026-10-13,12,10261.0,ens,1660.8,clim,414.4,10560.6,gencap,753.7,-133.7,2448.6,1561.0,3436.9
2026-10-14,13,10305.0,ens,1679.7,clim,401.2,10519.4,gencap,781.8,-113.1,2407.9,1533.6,3313.9
2026-10-15,14,10322.0,ens,1804.5,clim,387.0,10512.4,gencap,807.7,-142.1,2474.1,1519.6,3542.0
2026-10-16,15,10334.0,ens,1753.5,clim,381.2,10362.3,filed,831.7,-91.6,2298.8,1334.9,3269.9
2026-10-17,16,10353.0,ens,2508.3,clim,317.2,10293.1,filed,853.9,-231.5,2749.8,1735.2,3633.5
2026-10-18,17,10372.0,ens,2088.5,clim,358.4,10507.4,filed,874.6,-182.5,2651.9,1646.6,3644.2
2026-10-19,18,10378.0,ens,1728.6,clim,353.0,10370.2,filed,893.8,-77.2,2209.0,1292.9,3081.7
2026-10-20,19,10409.0,ens,1712.8,clim,342.3,10284.1,filed,911.9,-37.3,2111.2,1159.5,2927.8
2026-10-21,20,10443.0,ens,1781.8,clim,326.6,10282.2,filed,928.8,-48.8,2128.6,1194.6,3086.8
2026-10-22,21,10460.0,ens,1792.7,clim,317.9,10284.3,filed,944.7,-33.5,2133.5,1188.3,3054.8
2026-10-23,22,10478.0,ens,1792.4,clim,294.5,10485.3,filed,959.7,-84.3,2264.9,1363.9,3164.7
2026-10-24,23,10512.0,ens,2525.5,clim,262.7,10678.2,filed,973.8,-279.9,2906.8,1807.1,3871.0
2026-10-25,24,10525.0,ens,2750.9,clim,276.3,10586.8,filed,987.2,-294.7,3002.2,1848.0,3870.8
2026-10-26,25,10558.0,ens,1937.0,clim,286.4,10393.2,filed,999.8,-55.5,2253.4,1262.3,3313.2
2026-10-27,26,10595.0,ens,1963.1,clim,273.8,10463.2,filed,1011.8,-71.9,2256.3,1227.8,3184.1
2026-10-28,27,10621.0,ens,1957.0,clim,261.3,10452.8,filed,1023.2,-59.0,2199.3,1240.3,3130.1
2026-10-29,28,10636.0,ens,1826.3,clim,234.3,10358.9,filed,1034.1,-10.7,2008.9,939.6,3053.2
2026-10-30,29,10664.0,ens,1916.7,clim,228.8,10286.6,filed,1044.4,2.9,1973.4,976.1,2993.2
2026-10-31,30,10694.0,ens,2537.2,clim,234.9,10508.7,filed,1054.3,-169.0,2641.7,1511.6,3528.3
2026-11-01,31,10701.0,ens,2388.1,clim,226.2,11200.7,filed,1030.3,-297.0,3050.9,1835.6,4071.3
2026-11-02,32,10731.0,ens,2051.1,clim,204.8,11161.0,filed,1039.0,-209.2,2714.2,1740.8,3733.7
2026-11-03,33,10749.0,ens,2108.3,clim,187.9,11189.6,filed,1047.4,-209.8,2748.0,1674.5,3737.5
2026-11-04,34,10782.0,ens,2050.5,clim,183.8,11293.7,filed,1055.3,-209.9,2775.9,1834.7,3705.0
2026-11-05,35,10813.0,ens,2069.1,clim,171.1,11325.0,filed,1063.0,-218.9,2766.8,1743.5,3684.1
2026-11-06,36,10902.1,clim,2008.0,clim,156.6,11347.7,filed,1070.3,-181.4,2653.5,1640.9,3641.5
2026-11-07,37,10590.1,clim,2376.5,clim,216.3,10971.7,filed,1077.3,-284.4,2914.9,1870.3,3933.9
2026-11-08,38,10633.1,clim,2326.6,clim,195.8,11333.9,filed,1084.1,-302.2,3164.3,2062.1,4163.7
2026-11-09,39,10988.7,clim,1948.1,clim,154.2,11327.4,filed,1090.6,-156.5,2533.1,1484.9,3532.6
2026-11-10,40,11007.7,clim,1907.1,clim,137.5,11321.1,filed,1096.9,-132.8,2460.7,1339.1,3570.6
2026-11-11,41,11058.5,clim,1904.9,clim,125.8,11315.1,filed,1102.9,-134.8,2417.2,1255.4,3570.2
2026-11-12,42,11080.9,clim,1954.7,clim,124.5,11309.3,filed,1108.7,-118.1,2439.6,1386.4,3482.0
2026-11-13,43,11096.9,clim,1878.9,clim,119.4,11303.7,filed,1114.3,-103.1,2334.1,1304.8,3330.2
2026-11-14,44,10871.3,clim,2144.4,clim,187.0,11166.3,filed,1119.7,-197.4,2643.5,1648.1,3810.0
2026-11-15,45,10871.3,clim,2150.6,clim,188.6,10887.1,filed,1124.9,-141.0,2445.0,1403.3,3584.0
2026-11-16,46,11134.4,clim,1928.8,clim,123.1,10873.0,filed,1130.0,-1.0,2029.5,1058.4,3109.0
2026-11-17,47,11134.4,clim,2014.8,clim,110.2,10864.1,filed,1134.9,-32.1,2034.2,997.6,3008.5
2026-11-18,48,11158.2,clim,1969.8,clim,112.6,10816.4,filed,1139.6,2.2,1992.2,843.2,3048.9
2026-11-19,49,11183.5,clim,2022.0,clim,120.4,10805.9,filed,1144.1,-15.5,2009.4,878.3,3131.2
2026-11-20,50,11208.3,clim,2075.6,clim,114.5,10804.4,filed,1148.6,-21.8,2017.4,824.0,3086.1
2026-11-21,51,11004.4,clim,2093.4,clim,165.7,10813.2,filed,1152.8,-56.8,2236.4,1296.4,3298.6
2026-11-22,52,11004.4,clim,2077.0,clim,162.9,10809.0,filed,1157.0,-69.8,2201.6,1227.4,3304.8
2026-11-23,53,11280.8,clim,1933.1,clim,114.5,10805.0,filed,1161.0,33.3,1852.5,764.1,2956.7
2026-11-24,54,11303.1,clim,2001.8,clim,103.1,10835.1,filed,1164.9,29.2,1874.6,810.6,2943.4
2026-11-25,55,11317.0,clim,2096.0,clim,110.8,10898.3,filed,1168.7,6.0,1992.4,780.5,3143.8
2026-11-26,56,11345.8,clim,2023.9,clim,111.5,10894.6,filed,1172.4,6.6,1938.5,846.4,3020.5
2026-11-27,57,11385.1,clim,2189.8,clim,100.7,10891.1,filed,1175.9,-14.6,2050.7,917.2,3176.6
2026-11-28,58,11134.5,clim,1972.1,clim,131.6,10969.6,filed,1179.4,-46.0,2158.5,1291.5,3113.3
2026-11-29,59,11186.7,clim,2105.8,clim,122.2,11279.2,filed,1182.8,-112.2,2441.9,1585.7,3376.6
2026-11-30,60,11451.2,clim,2131.0,clim,111.4,10889.9,filed,1186.1,1.7,1919.6,681.3,2973.6
2026-12-01,61,11473.7,clim,2124.4,clim,109.1,11352.4,filed,1121.6,-79.6,2249.4,1011.6,3441.7
2026-12-02,62,11530.3,clim,2092.6,clim,101.1,11375.5,filed,1124.5,-53.9,2203.3,881.9,3418.5
2026-12-03,63,11581.5,clim,2210.9,clim,102.1,11372.7,filed,1127.3,-88.9,2247.6,944.6,3410.0
2026-12-04,64,11622.8,clim,2013.8,clim,100.8,11369.9,filed,1130.1,-23.1,2085.4,778.0,3267.5
2026-12-05,65,11347.6,clim,1900.0,clim,132.2,11367.2,filed,1132.8,-55.5,2188.5,1297.3,3048.1
2026-12-06,66,11405.4,clim,1941.1,clim,124.3,11361.6,filed,1135.4,-64.4,2207.0,1258.0,3132.1
2026-12-07,67,11649.3,clim,1849.2,clim,97.4,11367.0,filed,1138.0,32.7,1918.2,587.4,3140.2
2026-12-08,68,11672.5,clim,1904.5,clim,100.2,11366.5,filed,1140.5,2.8,1945.8,526.2,3248.3
2026-12-09,69,11682.3,clim,2014.1,clim,102.4,11368.0,filed,1143.0,-21.9,2040.3,713.2,3225.3
2026-12-10,70,11696.9,clim,1956.1,clim,101.5,11356.7,filed,1145.3,-6.2,1982.0,612.5,3316.6
2026-12-11,71,11704.0,clim,1967.8,clim,93.0,11363.3,filed,1147.7,5.3,1945.3,675.4,3098.7
2026-12-12,72,11529.4,clim,1947.6,clim,116.3,11361.1,filed,1149.9,-37.2,2098.8,1120.8,3017.2
2026-12-13,73,11599.0,clim,1970.9,clim,114.5,11350.9,filed,1152.1,-29.7,2058.0,1239.7,2993.0
2026-12-14,74,11705.4,clim,1816.3,clim,89.8,11356.7,filed,1154.3,47.8,1828.9,577.9,3056.3
2026-12-15,75,11723.6,clim,1735.1,clim,96.3,11354.6,filed,1156.4,60.4,1743.6,395.3,3019.6
2026-12-16,76,11740.0,clim,1776.9,clim,91.2,11352.5,filed,1158.5,52.9,1772.4,399.6,3071.5
2026-12-17,77,11751.6,clim,1945.3,clim,87.0,11348.5,filed,1160.5,18.4,1892.8,537.9,3116.6
2026-12-18,78,11753.3,clim,2147.8,clim,92.7,11348.5,filed,1162.5,-18.1,2048.4,608.8,3332.5
2026-12-19,79,11663.6,clim,1774.1,clim,108.8,11346.6,filed,1164.4,19.9,1854.5,918.2,2782.7
2026-12-20,80,11677.2,clim,1821.8,clim,101.8,11344.7,filed,1166.3,24.3,1852.8,895.2,2891.9
2026-12-21,81,11752.6,clim,2164.1,clim,104.1,11342.9,filed,1168.1,-20.4,2064.2,594.4,3196.4
2026-12-22,82,11760.7,clim,2163.1,clim,101.5,11341.1,filed,1169.9,-12.5,2015.1,673.5,3144.3
2026-12-23,83,11746.2,clim,2199.6,clim,98.5,11339.3,filed,1171.7,-20.3,2074.4,464.4,3404.0
2026-12-24,84,11729.6,clim,2197.8,clim,102.5,11337.6,filed,1173.4,-36.2,2107.7,576.5,3386.8
2026-12-25,85,11713.4,clim,2073.2,clim,104.8,11335.9,filed,1175.1,-12.8,2056.3,530.1,3431.3
2026-12-26,86,11575.3,clim,2120.8,clim,100.4,11334.3,filed,1176.7,-53.8,2168.9,1066.8,3459.9
2026-12-27,87,11569.7,clim,2146.0,clim,104.1,11324.6,filed,1178.4,-62.7,2154.2,1093.5,3516.4
2026-12-28,88,11687.0,clim,2134.4,clim,111.7,11331.1,filed,1179.9,-38.9,2111.0,582.2,3470.2
2026-12-29,89,11685.6,clim,2237.1,clim,117.0,11329.5,filed,1181.5,-33.5,2175.9,752.1,3436.2
2026-12-30,90,11665.1,clim,2256.3,clim,117.3,11328.0,filed,1183.0,-63.7,2192.0,631.1,3564.9
2026-12-31,91,11646.5,clim,2202.6,clim,121.4,11326.5,filed,1184.5,-72.3,2199.3,650.3,3385.4
2027-01-01,92,11621.5,clim,2256.2,clim,131.6,11517.5,filed,1078.5,-120.9,2363.1,758.6,3623.0
2027-01-02,93,11473.6,clim,2211.4,clim,121.7,11581.2,filed,1079.8,-154.0,2546.7,1321.0,3999.6
2027-01-03,94,11447.7,clim,2296.9,clim,126.8,11571.9,filed,1081.1,-175.4,2617.7,1339.3,3992.9
2027-01-04,95,11620.8,clim,2139.4,clim,135.7,11578.7,filed,1082.3,-87.5,2386.5,857.8,3735.8
2027-01-05,96,11617.8,clim,2106.3,clim,132.8,11577.5,filed,1083.5,-104.6,2364.3,818.9,3556.9
2027-01-06,97,11617.5,clim,2102.6,clim,132.7,11576.3,filed,1084.7,-104.2,2313.4,901.4,3609.7
2027-01-07,98,11600.8,clim,2116.9,clim,139.9,11575.1,filed,1085.9,-126.5,2355.0,1049.0,3713.0
2027-01-08,99,11578.0,clim,2014.2,clim,144.0,11573.9,filed,1087.1,-78.8,2253.5,758.8,3698.4
2027-01-09,100,11477.5,clim,2065.0,clim,129.3,11572.8,filed,1088.2,-135.5,2393.8,1147.4,3886.7
2027-01-10,101,11435.4,clim,2159.8,clim,124.0,11571.6,filed,1089.4,-146.3,2539.1,1172.3,4038.1
2027-01-11,102,11538.7,clim,2100.0,clim,146.3,11570.5,filed,1090.5,-110.8,2406.1,971.1,3713.8
2027-01-12,103,11514.3,clim,2061.2,clim,143.1,11569.5,filed,1091.5,-110.7,2421.5,1052.8,3703.4
2027-01-13,104,11475.9,clim,2093.9,clim,154.2,11568.4,filed,1092.6,-134.3,2436.4,1018.9,3823.3
2027-01-14,105,11442.1,clim,2115.8,clim,158.8,11567.4,filed,1093.6,-136.2,2512.3,1015.9,3781.0
2027-01-15,106,11418.0,clim,2238.3,clim,158.3,11566.3,filed,1094.7,-190.8,2597.5,1194.3,3847.3
2027-01-16,107,11301.3,clim,2227.7,clim,136.3,11565.3,filed,1095.7,-206.0,2664.4,1293.0,4052.7
2027-01-17,108,11249.2,clim,2228.7,clim,138.3,11556.3,filed,1096.7,-195.3,2677.2,1270.1,3971.3
2027-01-18,109,11382.1,clim,2307.4,clim,173.3,11563.4,filed,1097.6,-198.0,2698.1,1351.5,3982.6
2027-01-19,110,11382.8,clim,2366.1,clim,171.0,11562.4,filed,1098.6,-222.9,2763.0,1427.2,4016.5
2027-01-20,111,11369.9,clim,2319.2,clim,175.6,11561.5,filed,1099.5,-216.1,2694.6,1197.5,4053.2
2027-01-21,112,11359.9,clim,2245.9,clim,193.6,11560.6,filed,1100.4,-199.5,2659.8,1389.3,3807.8
2027-01-22,113,11352.1,clim,2304.3,clim,200.6,11559.7,filed,1101.3,-214.8,2706.5,1419.2,4045.3
2027-01-23,114,11131.1,clim,2406.5,clim,161.2,11558.8,filed,1102.2,-281.1,2955.7,1509.2,4230.9
2027-01-24,115,11087.5,clim,2559.4,clim,171.2,11549.9,filed,1103.1,-337.2,3100.0,1593.2,4457.5
2027-01-25,116,11318.3,clim,2403.9,clim,214.2,11557.0,filed,1104.0,-235.7,2853.3,1643.4,3932.0
2027-01-26,117,11304.2,clim,2452.0,clim,211.8,11556.2,filed,1104.8,-266.6,2879.4,1643.1,4033.1
2027-01-27,118,11286.6,clim,2422.8,clim,231.6,11555.3,filed,1105.7,-267.8,2883.9,1651.2,4048.0
2027-01-28,119,11299.4,clim,2433.3,clim,222.7,11554.5,filed,1106.5,-252.7,2880.4,1793.7,4067.5
2027-01-29,120,11308.8,clim,2366.0,clim,220.5,11553.7,filed,1107.3,-231.6,2810.4,1652.6,3931.6
2027-01-30,121,10995.5,clim,2640.4,clim,203.1,11552.9,filed,1108.1,-363.8,3255.3,1994.5,4460.2
2027-01-31,122,10986.3,clim,2433.6,clim,220.5,11552.1,filed,1108.9,-329.0,3143.5,2028.9,4292.9
