asof,m,label,days_settled,days_forecast,settled_flat,gas_fwd,gas_src,fair_mean,fair_pk,fair_op,cush_mean,cush_p10,cush_p90,fair_p10,fair_p25,fair_p50,fair_p75,fair_p90,fair_at_gas,fair_hr,market_note,settle_flat,settle_pk,settle_op,settle_date,edge,settle_hr,half_spread,mkt_bid,mkt_ask,model_bid,model_ask,net_edge,side,call,settle_pct_fair,settle_pct_life_raw,settle_life_n,settle_pct_life,decay_ahead,seasonal_prem,seasonal_n,settle_pct_hist,lead,settle_hi,settle_lo,prem_typ,edge_vs_typ,cush_norm,cush_norm_n,cush_vs_norm
2026-09-28,2026-09-01 00:00:00,BOM Sep-26,27,3,29.369074074074074,1.01,XAV,29.3761318919606,34.11876723540326,19.62314056922717,2022.6227431275204,1642.2883025094973,2401.6460267048365,27.48765283960884,27.90598972724367,28.61722527992203,30.025363356923936,32.05693052093766,"{1: 29.370577682122647, 2: 29.954386558528736, 4: 31.295817129683194, 6: 32.86110541974186, 10: 36.319393895334215}",29.085279100951084,balance-of-month strip 29.00 x 3 d + settled 29.37 x 27 d,29.33216666666667,,,2026-09-21,0.0439652252939239,29.04174917491749,2.5,26.83216666666667,31.83216666666667,27.90598972724367,30.025363356923936,-2.456034774706076,buy,none,0.6625,0.0078740157480314,636,0.0,,-6.4058309178744,2,0.5953757225433526,-27,59.5,39.0,,,,,
2026-09-28,2026-10-01 00:00:00,Oct-26,0,31,,1.7243,XAV,29.845661980337965,33.69969181345901,20.44630524935481,2414.8338542425854,2042.8209240952776,2790.8671986546783,19.47912663832589,22.562687129446864,27.83208941692692,34.70253834249173,43.4884571819883,"{1: 24.868555222001543, 2: 31.81310200224372, 4: 47.22836315887509, 6: 63.950423898547754, 10: 99.0531235831542}",17.30885691604591,,33.0,39.5,20.0,2026-09-25,-3.1543380196620348,19.138201009105146,2.5,30.5,35.5,22.562687129446864,34.70253834249173,0.6543380196620348,sell,none,0.6975,0.0152905198776758,655,0.1587786259541984,5.043741039426521,2.6253278979085435,2,0.6329479768786127,3,57.6,31.5,,,,,
2026-09-28,2026-11-01 00:00:00,Nov-26,0,30,,1.9244,XAV,33.8434045448664,38.12358076188162,23.194353313389083,2407.3577603387616,1874.06248349748,2885.748404906892,19.827807560401578,24.306975016819635,30.58742535743933,41.231165897238135,52.46024194990811,"{1: 27.456548410456655, 2: 34.38413028005562, 4: 49.53918877552855, 6: 65.8490169518152, 10: 100.14949054022638}",17.586470871371024,,36.75,43.7,23.0,2026-09-25,-2.9065954551335977,19.096861359384743,2.5,34.25,39.25,24.306975016819635,41.231165897238135,0.4065954551335977,sell,none,0.6825,0.0061162079510703,655,0.082442748091603,6.099296594982079,-12.853795537340623,2,0.6878612716763006,34,57.6,36.5,,,,,
2026-09-28,2026-12-01 00:00:00,Dec-26,0,31,,2.1905,XAV,42.600474107283205,48.17496653896277,28.369278388212887,2089.5059622099093,1500.2099727928432,2696.1242329609413,22.95636348206655,29.659788608596312,39.545743006381336,52.06476661054005,65.43946774635342,"{1: 34.84711993454013, 2: 41.318418518619595, 4: 55.4887996905515, 6: 70.82320384903834, 10: 103.2186313066281}",19.447831137769096,,44.75,52.88,28.5,2026-09-25,-2.149525892716796,20.42912577037206,2.5,42.25,47.25,29.659788608596312,52.06476661054005,-0.3504741072832047,sell,none,0.615,0.0045871559633027,655,0.1786259541984732,8.01913786482335,33.1448880952381,2,0.7774566473988439,64,68.3,44.5,,,,,
2026-09-29,2026-09-01 00:00:00,BOM Sep-26,28,2,29.46431547619048,1.01,XAV,29.274402597316357,33.73421205162914,20.222032688640542,2125.2506769592383,1706.0084638921328,2536.185840364394,27.91040998293999,28.18889876628458,28.610148597870143,29.4562687066376,31.068175733146987,"{1: 29.270535526571003, 2: 29.678945856095428, 4: 30.630948648884818, 6: 31.724883508223023, 10: 34.07159647600482}",28.98455702704589,balance-of-month strip 29.00 x 2 d + settled 29.46 x 28 d,29.433361111111115,,,2026-09-21,-0.1589585137947615,29.14194169416942,2.5,26.933361111111115,31.933361111111115,28.18889876628458,29.4562687066376,-2.3410414862052384,sell,none,0.745,0.0078740157480314,636,0.0,,-6.4058309178744,2,0.5953757225433526,-28,59.5,39.0,0.482358422939068,0.3233999091443065,1944.6785082364345,3.0,180.57216872280375
2026-09-29,2026-10-01 00:00:00,Oct-26,0,31,,1.7243,XAV,29.488596598421815,33.264213029724935,20.30886740406039,2422.9484193257344,2020.777384081008,2777.3233626600804,19.15723388972948,22.083889532933693,27.54223918933541,33.942432978673054,42.95626754817786,"{1: 24.49624686811976, 2: 31.4650012538365, 4: 46.942917721829616, 6: 63.72740179979798, 10: 98.93954237773757}",17.101778459909422,,33.0,39.5,20.0,2026-09-25,-3.511403401578182,19.138201009105146,2.5,30.5,35.5,22.083889532933693,33.942432978673054,1.011403401578182,sell,none,0.7125,0.0152905198776758,655,0.1587786259541984,5.043741039426521,2.6253278979085435,2,0.6329479768786127,2,57.6,31.5,7.235376344086021,3.723972942507839,1684.6799795783932,2.0,738.2684397473413
2026-09-29,2026-11-01 00:00:00,Nov-26,0,30,,1.9244,XAV,33.56213773365207,37.78407553613678,23.08313919756879,2417.482006176156,1885.9241382983264,2892.5231416183847,19.807314434058657,23.50523189186415,30.667756493909497,40.27385668376569,50.56566383963433,"{1: 27.16258593189125, 2: 34.10287392205778, 4: 49.29756970296284, 6: 65.66749971962511, 10: 100.06232458999962}",17.440312686370852,,36.75,43.7,23.0,2026-09-25,-3.187862266347928,19.096861359384743,2.5,34.25,39.25,23.50523189186415,40.27385668376569,0.6878622663479277,sell,none,0.6475,0.0061162079510703,655,0.082442748091603,6.099296594982079,-12.853795537340623,2,0.6878612716763006,33,57.6,36.5,7.679852150537634,4.491989884189707,1522.030539190476,2.0,895.4514669856796
2026-09-29,2026-12-01 00:00:00,Dec-26,0,31,,2.1905,XAV,42.05049169423437,47.49619875406968,28.13148573148224,2107.936022274198,1547.3861754593877,2703.38217564293,22.2676656574139,28.717439566300765,40.30001082821733,52.217186368863295,65.21750016674294,"{1: 34.266906113061125, 2: 40.76348344037537, 4: 54.982479658468314, 6: 70.34045875485451, 10: 102.91762265614621}",19.196754939162,,44.75,52.88,28.5,2026-09-25,-2.699508305765633,20.42912577037206,2.5,42.25,47.25,28.717439566300765,52.217186368863295,0.199508305765633,sell,none,0.635,0.0045871559633027,655,0.1786259541984732,8.01913786482335,33.1448880952381,2,0.7774566473988439,63,68.3,44.5,8.982717933947775,6.283209628182142,2498.942911290322,2.0,-391.0068890161242
2026-09-30,2026-09-01 00:00:00,BOM Sep-26,29,1,28.94866379310345,1.01,XAV,28.69102009962411,33.11037557193647,19.833430071350705,2322.2173470795715,1807.634523907107,2835.5587248114634,28.22385139812954,28.22385139812954,28.30379848513089,28.78195514984865,29.522966679680167,"{1: 28.689017922242282, 2: 28.909466179554236, 4: 29.44578458545166, 6: 30.037473245029137, 10: 31.251986418005153}",28.406950593687238,balance-of-month strip 29.00 x 1 d + settled 28.95 x 29 d,28.950375,,,2026-09-21,-0.2593549003758895,28.663737623762376,2.5,26.450375,31.450375,28.22385139812954,28.78195514984865,-2.2406450996241105,sell,sell only if posted,0.7925,0.007874015748031496,636,0.0,,-6.4058309178744,2,0.5895953757225434,-29,59.5,39.0,0.24117921146953403,-0.01817568890635546,1952.3205771072799,3.0,369.8967699722916
2026-09-30,2026-10-01 00:00:00,Oct-26,0,31,,1.7873,XAV,29.898417890705684,33.6316415990208,20.815911308735345,2431.3415151045147,2042.5767953197703,2811.777636103048,20.076178204145144,22.90598964528993,27.23337038350325,35.38671516383168,42.30427358857062,"{1: 24.44519140852573, 2: 31.432729811881764, 4: 46.954239629627445, 6: 63.746191754237664, 10: 98.9677773323404}",16.72825932451501,,35.0,42.5,20.0,2026-09-29,-5.101582109294316,19.582610641750126,2.5,32.5,37.5,22.90598964528993,35.38671516383168,2.6015821092943163,sell,none,0.73,0.08231707317073171,657,0.273972602739726,5.043741039426521,2.6253278979085435,2,0.6589595375722543,1,57.6,31.5,7.235376344086021,2.1337942347917043,1684.6799795783932,2.0,746.6615355261215
2026-09-30,2026-11-01 00:00:00,Nov-26,0,30,,1.8707,XAV,33.172065108280265,37.436616823146196,22.618487981766343,2422.7078734042034,1906.8003315695496,2886.2836304973985,19.461149464079558,23.412307834890633,29.91331606569579,39.86706681674569,53.211928968073984,"{1: 27.13402467900771, 2: 34.09658274329983, 4: 49.31239749302313, 6: 65.68926218244938, 10: 100.08891465830325}",17.732434440733556,,38.75,46.46,23.5,2026-09-29,-5.577934891719735,20.714171165873736,2.5,36.25,41.25,23.412307834890633,39.86706681674569,3.0779348917197353,sell,none,0.73,0.05945121951219512,657,0.1933028919330289,6.0992965949820785,-12.853795537340623,2,0.7138728323699421,32,57.6,36.5,7.679852150537634,2.101917258817899,1522.030539190476,2.0,900.6773342137274
2026-09-30,2026-12-01 00:00:00,Dec-26,0,31,,2.1567,XAV,41.73491579042229,47.182336505959576,27.820987869013624,2109.240800210173,1518.0003453349955,2663.548517152768,22.12596180967988,28.69829931329061,39.038124168107906,52.71610031447621,63.31295912386728,"{1: 34.1815963864785, 2: 40.676939591450704, 4: 54.90309362557634, 6: 70.26822796074978, 10: 102.83482307233416}",19.35128473613497,,45.5,54.0,28.5,2026-09-29,-3.765084209577708,21.09704641350211,2.5,43.0,48.0,28.69829931329061,52.71610031447621,1.265084209577708,sell,none,0.625,0.007621951219512195,657,0.2267884322678843,8.01913786482335,33.1448880952381,2,0.7803468208092486,62,68.3,44.5,8.982717933947775,5.217633724370067,2498.942911290322,2.0,-389.7021110801493
